Time of the generation of the data point., Instantaneous throughput (B/s)., Position of connection (ID)., Direction of Throughput., 
11-26-2022-11-39-49.085,999084.1115852388, 0, Download, 
11-26-2022-11-39-49.085,1.2283821044080805e+06, 1, Download, 
11-26-2022-11-39-49.085,1.93265451093538e+06, 2, Download, 
11-26-2022-11-39-49.085,1.1792468202317574e+06, 3, Download, 
11-26-2022-11-39-49.085,2.3595533600265402e+06, 4, Download, 
11-26-2022-11-39-49.085,983388.9063839851, 5, Download, 
11-26-2022-11-39-49.085,688372.2344687895, 6, Download, 
11-26-2022-11-39-49.085,803100.9402135877, 7, Download, 
11-26-2022-11-39-49.085,2.9500946935972883e+06, 8, Download, 
11-26-2022-11-39-49.085,2.589446735701827e+06, 9, Download, 
11-26-2022-11-39-49.085,3.0500601670023403e+06, 10, Download, 
11-26-2022-11-39-49.085,818921.4029387203, 11, Download, 
11-26-2022-11-39-49.085,1.2283821044080805e+06, 12, Download, 
11-26-2022-11-39-49.085,835299.8309974947, 13, Download, 
11-26-2022-11-39-49.085,933570.3993501412, 14, Download, 
11-26-2022-11-39-49.085,1.130111536055434e+06, 15, Download, 
11-26-2022-11-39-49.085,2.8352939622978233e+06, 16, Download, 
11-26-2022-11-39-49.085,852112.9444118444, 17, Download, 
11-26-2022-11-39-49.085,868499.7318043798, 18, Download, 
11-26-2022-11-39-49.085,1.1470751174774829e+06, 19, Download, 
11-26-2022-11-39-49.085,261870.89484376743, 0, Upload, 
11-26-2022-11-39-49.085,1.0487454772691266e+06, 1, Upload, 
11-26-2022-11-39-49.085,229137.0329882965, 2, Upload, 
11-26-2022-11-39-49.085,1.0318330252905015e+06, 3, Upload, 
11-26-2022-11-39-49.085,704266.9855157391, 4, Upload, 
11-26-2022-11-39-49.085,917652.2926104858, 5, Upload, 
11-26-2022-11-39-49.085,1.0482113272792395e+06, 6, Upload, 
11-26-2022-11-39-49.085,1.0154547233017634e+06, 7, Upload, 
11-26-2022-11-39-49.085,949941.5153468109, 8, Upload, 
11-26-2022-11-39-49.085,950425.588775146, 9, Upload, 
11-26-2022-11-39-49.085,278573.01739961177, 10, Upload, 
11-26-2022-11-39-49.085,1.1137245352341922e+06, 11, Upload, 
11-26-2022-11-39-49.085,229296.22784233367, 12, Upload, 
11-26-2022-11-39-49.085,409457.54971845297, 13, Upload, 
11-26-2022-11-39-49.085,687888.683527001, 14, Upload, 
11-26-2022-11-39-49.085,262052.8318198099, 15, Upload, 
11-26-2022-11-39-49.085,1.1137245352341922e+06, 16, Upload, 
11-26-2022-11-39-49.085,540483.965628358, 17, Upload, 
11-26-2022-11-39-49.085,1.0159721811044664e+06, 18, Upload, 
11-26-2022-11-39-49.085,950425.588775146, 19, Upload, 
11-26-2022-11-39-50.085,868151.8041939528, 0, Download, 
11-26-2022-11-39-50.085,1.212136481327406e+06, 1, Download, 
11-26-2022-11-39-50.085,3.636121510379706e+06, 2, Download, 
11-26-2022-11-39-50.085,343984.677133453, 3, Download, 
11-26-2022-11-39-50.085,8.287816829439131e+06, 4, Download, 
11-26-2022-11-39-50.085,900912.249635234, 5, Download, 
11-26-2022-11-39-50.085,507786.9043398592, 6, Download, 
11-26-2022-11-39-50.085,638756.7027043563, 7, Download, 
11-26-2022-11-39-50.085,9.49980934396528e+06, 8, Download, 
11-26-2022-11-39-50.085,8.861124624661552e+06, 9, Download, 
11-26-2022-11-39-50.085,4.569650238654966e+06, 10, Download, 
11-26-2022-11-39-50.085,671589.1315462653, 11, Download, 
11-26-2022-11-39-50.085,687969.354266906, 12, Download, 
11-26-2022-11-39-50.085,622376.4799837157, 13, Download, 
11-26-2022-11-39-50.085,262083.5635302499, 14, Download, 
11-26-2022-11-39-50.085,1.048190287319744e+06, 15, Download, 
11-26-2022-11-39-50.085,1.2292781284635762e+07, 16, Download, 
11-26-2022-11-39-50.085,573307.7952224216, 17, Download, 
11-26-2022-11-39-50.085,655208.9088256247, 18, Download, 
11-26-2022-11-39-50.085,966289.1737165409, 19, Download, 
11-26-2022-11-39-50.087,343507.48352593964, 0, Upload, 
11-26-2022-11-39-50.087,441652.4788190652, 1, Upload, 
11-26-2022-11-39-50.087,0, 2, Upload, 
11-26-2022-11-39-50.087,376222.4819569815, 3, Upload, 
11-26-2022-11-39-50.087,196289.99058625122, 4, Upload, 
11-26-2022-11-39-50.087,0, 5, Upload, 
11-26-2022-11-39-50.087,1.0305224505778189e+06, 6, Upload, 
11-26-2022-11-39-50.087,1.0141649513622979e+06, 7, Upload, 
11-26-2022-11-39-50.087,621584.9701897955, 8, Upload, 
11-26-2022-11-39-50.087,670657.4678363584, 9, Upload, 
11-26-2022-11-39-50.087,359864.98274146055, 10, Upload, 
11-26-2022-11-39-50.087,376222.4819569815, 11, Upload, 
11-26-2022-11-39-50.087,98144.99529312561, 12, Upload, 
11-26-2022-11-39-50.087,130859.99372416748, 13, Upload, 
11-26-2022-11-39-50.087,474367.4772501071, 14, Upload, 
11-26-2022-11-39-50.087,474367.4772501071, 15, Upload, 
11-26-2022-11-39-50.087,654299.9686208373, 16, Upload, 
11-26-2022-11-39-50.087,0, 17, Upload, 
11-26-2022-11-39-50.087,359864.98274146055, 18, Upload, 
11-26-2022-11-39-50.087,212647.48980177214, 19, Upload, 
11-26-2022-11-39-51.086,802104.9339760302, 0, Download, 
11-26-2022-11-39-51.086,916475.5444298629, 1, Download, 
11-26-2022-11-39-51.086,3.290051369460973e+06, 2, Download, 
11-26-2022-11-39-51.086,900177.9922099059, 3, Download, 
11-26-2022-11-39-51.086,1.5271725615242088e+07, 4, Download, 
11-26-2022-11-39-51.086,867582.8877699919, 5, Download, 
11-26-2022-11-39-51.086,229172.8382788658, 6, Download, 
11-26-2022-11-39-51.086,589301.5841456549, 7, Download, 
11-26-2022-11-39-51.086,8.969976116173012e+06, 8, Download, 
11-26-2022-11-39-51.086,1.3078645780515572e+07, 9, Download, 
11-26-2022-11-39-51.086,4.23933782701635e+06, 10, Download, 
11-26-2022-11-39-51.086,736626.9801820685, 11, Download, 
11-26-2022-11-39-51.086,1.072201493376122e+06, 12, Download, 
11-26-2022-11-39-51.086,638410.0494911261, 13, Download, 
11-26-2022-11-39-51.086,261911.8151758466, 14, Download, 
11-26-2022-11-39-51.086,883952.3762184823, 15, Download, 
11-26-2022-11-39-51.086,1.4592104099715602e+07, 16, Download, 
11-26-2022-11-39-51.086,540193.1188001836, 17, Download, 
11-26-2022-11-39-51.086,834843.9108730111, 18, Download, 
11-26-2022-11-39-51.086,867582.8877699919, 19, Download, 
11-26-2022-11-39-51.089,359673.4432399827, 0, Upload, 
11-26-2022-11-39-51.089,637602.922107242, 1, Upload, 
11-26-2022-11-39-51.089,65395.17149817868, 2, Upload, 
11-26-2022-11-39-51.089,114441.55012181269, 3, Upload, 
11-26-2022-11-39-51.089,686649.3007308762, 4, Upload, 
11-26-2022-11-39-51.089,0, 5, Upload, 
11-26-2022-11-39-51.089,65395.17149817868, 6, Upload, 
11-26-2022-11-39-51.089,441417.40761270607, 7, Upload, 
11-26-2022-11-39-51.089,49046.37862363401, 8, Upload, 
11-26-2022-11-39-51.089,130790.34299635736, 9, Upload, 
11-26-2022-11-39-51.089,784742.0579781441, 10, Upload, 
11-26-2022-11-39-51.089,114441.55012181269, 11, Upload, 
11-26-2022-11-39-51.089,425068.6147381614, 12, Upload, 
11-26-2022-11-39-51.089,490463.78623634006, 13, Upload, 
11-26-2022-11-39-51.089,0, 14, Upload, 
11-26-2022-11-39-51.089,588556.543483608, 15, Upload, 
11-26-2022-11-39-51.089,768393.2651035994, 16, Upload, 
11-26-2022-11-39-51.089,0, 17, Upload, 
11-26-2022-11-39-51.089,392371.0289890721, 18, Upload, 
11-26-2022-11-39-51.089,670300.5078563314, 19, Upload, 
11-26-2022-11-39-52.086,671410.9059380045, 0, Download, 
11-26-2022-11-39-52.086,884581.7289464718, 1, Download, 
11-26-2022-11-39-52.086,3.0957481015310935e+06, 2, Download, 
11-26-2022-11-39-52.086,1.1302268884306578e+06, 3, Download, 
11-26-2022-11-39-52.086,1.7919746796158753e+07, 4, Download, 
11-26-2022-11-39-52.086,819057.1564319184, 5, Download, 
11-26-2022-11-39-52.086,409528.5782159592, 6, Download, 
11-26-2022-11-39-52.086,573340.0095023429, 7, Download, 
11-26-2022-11-39-52.086,8.402878537982976e+06, 8, Download, 
11-26-2022-11-39-52.086,1.5233455285398228e+07, 9, Download, 
11-26-2022-11-39-52.086,3.93118640109165e+06, 10, Download, 
11-26-2022-11-39-52.086,671626.868274173, 11, Download, 
11-26-2022-11-39-52.086,663436.2967098538, 12, Download, 
11-26-2022-11-39-52.086,540577.7232450661, 13, Download, 
11-26-2022-11-39-52.086,376766.2919586824, 14, Download, 
11-26-2022-11-39-52.086,851747.4552438055, 15, Download, 
11-26-2022-11-39-52.086,1.1769059476027383e+07, 16, Download, 
11-26-2022-11-39-52.086,475053.1507305126, 17, Download, 
11-26-2022-11-39-52.086,671626.868274173, 18, Download, 
11-26-2022-11-39-52.086,900962.8720751102, 19, Download, 
11-26-2022-11-39-52.090,98190.7075616154, 0, Upload, 
11-26-2022-11-39-52.090,327302.358538718, 1, Upload, 
11-26-2022-11-39-52.090,0, 2, Upload, 
11-26-2022-11-39-52.090,900081.4859814746, 3, Upload, 
11-26-2022-11-39-52.090,98190.7075616154, 4, Upload, 
11-26-2022-11-39-52.090,0, 5, Upload, 
11-26-2022-11-39-52.090,0, 6, Upload, 
11-26-2022-11-39-52.090,687334.9529313078, 7, Upload, 
11-26-2022-11-39-52.090,1.0800977831777695e+06, 8, Upload, 
11-26-2022-11-39-52.090,49095.3537808077, 9, Upload, 
11-26-2022-11-39-52.090,949176.8397622823, 10, Upload, 
11-26-2022-11-39-52.090,687334.9529313078, 11, Upload, 
11-26-2022-11-39-52.090,261841.88683097443, 12, Upload, 
11-26-2022-11-39-52.090,883716.3680545387, 13, Upload, 
11-26-2022-11-39-52.090,0, 14, Upload, 
11-26-2022-11-39-52.090,867351.2501276028, 15, Upload, 
11-26-2022-11-39-52.090,327302.358538718, 16, Upload, 
11-26-2022-11-39-52.090,0, 17, Upload, 
11-26-2022-11-39-52.090,654604.717077436, 18, Upload, 
11-26-2022-11-39-52.090,327302.358538718, 19, Upload, 
11-26-2022-11-39-53.086,540613.1812858761, 0, Download, 
11-26-2022-11-39-53.086,671670.9222036642, 1, Download, 
11-26-2022-11-39-53.086,2.3917317795823812e+06, 2, Download, 
11-26-2022-11-39-53.086,1.0484619273423052e+06, 3, Download, 
11-26-2022-11-39-53.086,2.5341490845795978e+07, 4, Download, 
11-26-2022-11-39-53.086,737199.7926625583, 5, Download, 
11-26-2022-11-39-53.086,376791.00513864093, 6, Download, 
11-26-2022-11-39-53.086,458702.0932122585, 7, Download, 
11-26-2022-11-39-53.086,7.125688725066713e+06, 8, Download, 
11-26-2022-11-39-53.086,1.8510250084790774e+07, 9, Download, 
11-26-2022-11-39-53.086,2.784905002335746e+06, 10, Download, 
11-26-2022-11-39-53.086,638690.5104724605, 11, Download, 
11-26-2022-11-39-53.086,802728.6631214523, 12, Download, 
11-26-2022-11-39-53.086,393173.2227533644, 13, Download, 
11-26-2022-11-39-53.086,835493.0983508994, 14, Download, 
11-26-2022-11-39-53.086,638834.494806965, 15, Download, 
11-26-2022-11-39-53.086,9.509229395841733e+06, 16, Download, 
11-26-2022-11-39-53.086,376791.00513864093, 17, Download, 
11-26-2022-11-39-53.086,409555.44036808796, 18, Download, 
11-26-2022-11-39-53.086,769820.2435575009, 19, Download, 
11-26-2022-11-39-53.091,769604.1692755787, 0, Upload, 
11-26-2022-11-39-53.091,163745.56793097418, 1, Upload, 
11-26-2022-11-39-53.091,0, 2, Upload, 
11-26-2022-11-39-53.091,720465.6658577832, 3, Upload, 
11-26-2022-11-39-53.091,0, 4, Upload, 
11-26-2022-11-39-53.091,0, 5, Upload, 
11-26-2022-11-39-53.091,0, 6, Upload, 
11-26-2022-11-39-53.091,1.1298211578224327e+06, 7, Upload, 
11-26-2022-11-39-53.091,1.0315758397509168e+06, 8, Upload, 
11-26-2022-11-39-53.091,409355.4919646495, 9, Upload, 
11-26-2022-11-39-53.091,491226.59035757947, 10, Upload, 
11-26-2022-11-39-53.091,376607.0526074776, 11, Upload, 
11-26-2022-11-39-53.091,343858.61325030564, 12, Upload, 
11-26-2022-11-39-53.091,49122.65903575795, 13, Upload, 
11-26-2022-11-39-53.091,0, 14, Upload, 
11-26-2022-11-39-53.091,769588.3248935412, 15, Upload, 
11-26-2022-11-39-53.091,425729.7116432355, 16, Upload, 
11-26-2022-11-39-53.091,49122.65903575795, 17, Upload, 
11-26-2022-11-39-53.091,360232.8329288916, 18, Upload, 
11-26-2022-11-39-53.091,327484.39357171964, 19, Upload, 
11-26-2022-11-39-54.088,523413.5330103995, 0, Download, 
11-26-2022-11-39-54.088,621553.5704498495, 1, Download, 
11-26-2022-11-39-54.088,1.9952984548714461e+06, 2, Download, 
11-26-2022-11-39-54.088,1.144823343639781e+06, 3, Download, 
11-26-2022-11-39-54.088,2.0967817068024453e+07, 4, Download, 
11-26-2022-11-39-54.088,654266.9162629994, 5, Download, 
11-26-2022-11-39-54.088,359846.80394464964, 6, Download, 
11-26-2022-11-39-54.088,441486.4086570566, 7, Download, 
11-26-2022-11-39-54.088,5.7735461364698e+06, 8, Download, 
11-26-2022-11-39-54.088,1.3280683961305846e+07, 9, Download, 
11-26-2022-11-39-54.088,1.8971584174319962e+06, 10, Download, 
11-26-2022-11-39-54.088,556126.8788235495, 11, Download, 
11-26-2022-11-39-54.088,736050.2807958743, 12, Download, 
11-26-2022-11-39-54.088,408773.0628439067, 13, Download, 
11-26-2022-11-39-54.088,883260.3369550492, 14, Download, 
11-26-2022-11-39-54.088,572483.5517301245, 15, Download, 
11-26-2022-11-39-54.088,6.035181023064765e+06, 16, Download, 
11-26-2022-11-39-54.088,425028.06863531284, 17, Download, 
11-26-2022-11-39-54.088,474310.27324530727, 18, Download, 
11-26-2022-11-39-54.088,735998.6998634079, 19, Download, 
11-26-2022-11-39-54.092,703898.6930687292, 0, Upload, 
11-26-2022-11-39-54.092,638419.7448762893, 1, Upload, 
11-26-2022-11-39-54.092,49110.22193420058, 2, Upload, 
11-26-2022-11-39-54.092,900354.0687936773, 3, Upload, 
11-26-2022-11-39-54.092,311031.4055832703, 4, Upload, 
11-26-2022-11-39-54.092,0, 5, Upload, 
11-26-2022-11-39-54.092,0, 6, Upload, 
11-26-2022-11-39-54.092,474732.1453639389, 7, Upload, 
11-26-2022-11-39-54.092,1.047684734596279e+06, 8, Upload, 
11-26-2022-11-39-54.092,654802.9591226743, 9, Upload, 
11-26-2022-11-39-54.092,1.047684734596279e+06, 10, Upload, 
11-26-2022-11-39-54.092,392881.7754736046, 11, Upload, 
11-26-2022-11-39-54.092,294661.33160520345, 12, Upload, 
11-26-2022-11-39-54.092,622062.8111665406, 13, Upload, 
11-26-2022-11-39-54.092,556582.5152542732, 14, Upload, 
11-26-2022-11-39-54.092,0, 15, Upload, 
11-26-2022-11-39-54.092,851243.8468594766, 16, Upload, 
11-26-2022-11-39-54.092,49110.22193420058, 17, Upload, 
11-26-2022-11-39-54.092,851243.8468594766, 18, Upload, 
11-26-2022-11-39-54.092,540212.4412762063, 19, Upload, 
11-26-2022-11-39-55.088,638833.8594662688, 0, Download, 
11-26-2022-11-39-55.088,573312.4379825488, 1, Download, 
11-26-2022-11-39-55.088,2.4405289823014378e+06, 2, Download, 
11-26-2022-11-39-55.088,1.4250189332873435e+06, 3, Download, 
11-26-2022-11-39-55.088,2.222663057469713e+07, 4, Download, 
11-26-2022-11-39-55.088,851418.5593705401, 5, Download, 
11-26-2022-11-39-55.088,540551.727240689, 6, Download, 
11-26-2022-11-39-55.088,540551.727240689, 7, Download, 
11-26-2022-11-39-55.088,1.0384425465333963e+07, 8, Download, 
11-26-2022-11-39-55.088,1.9589609311928097e+07, 9, Download, 
11-26-2022-11-39-55.088,3.046530147042283e+06, 10, Download, 
11-26-2022-11-39-55.088,671522.586224565, 11, Download, 
11-26-2022-11-39-55.088,933680.2561430081, 12, Download, 
11-26-2022-11-39-55.088,540551.727240689, 13, Download, 
11-26-2022-11-39-55.088,802637.4131755685, 14, Download, 
11-26-2022-11-39-55.088,802637.4131755685, 15, Download, 
11-26-2022-11-39-55.088,8.304480253143676e+06, 16, Download, 
11-26-2022-11-39-55.088,507826.65799998655, 17, Download, 
11-26-2022-11-39-55.088,507538.70185570733, 18, Download, 
11-26-2022-11-39-55.088,1.081179336387068e+06, 19, Download, 
11-26-2022-11-39-55.092,1.39225977385576e+06, 0, Upload, 
11-26-2022-11-39-55.092,0, 1, Upload, 
11-26-2022-11-39-55.092,49138.5802537327, 2, Upload, 
11-26-2022-11-39-55.092,999151.1318258983, 3, Upload, 
11-26-2022-11-39-55.092,491385.80253732705, 4, Upload, 
11-26-2022-11-39-55.092,0, 5, Upload, 
11-26-2022-11-39-55.092,98277.1605074654, 6, Upload, 
11-26-2022-11-39-55.092,884494.4445671886, 7, Upload, 
11-26-2022-11-39-55.092,606042.4897960367, 8, Upload, 
11-26-2022-11-39-55.092,655181.0700497694, 9, Upload, 
11-26-2022-11-39-55.092,1.3595007203532716e+06, 10, Upload, 
11-26-2022-11-39-55.092,98277.1605074654, 11, Upload, 
11-26-2022-11-39-55.092,425867.6955323501, 12, Upload, 
11-26-2022-11-39-55.092,393108.6420298616, 13, Upload, 
11-26-2022-11-39-55.092,1.1301873458358522e+06, 14, Upload, 
11-26-2022-11-39-55.092,98277.1605074654, 15, Upload, 
11-26-2022-11-39-55.092,1.0155306585771425e+06, 16, Upload, 
11-26-2022-11-39-55.092,147415.7407611981, 17, Upload, 
11-26-2022-11-39-55.092,1.0319101853283868e+06, 18, Upload, 
11-26-2022-11-39-55.092,1.0974282923333638e+06, 19, Upload, 
11-26-2022-11-39-56.089,638427.1441841449, 0, Download, 
11-26-2022-11-39-56.089,507251.9155282204, 1, Download, 
11-26-2022-11-39-56.089,1.8987676294689458e+06, 2, Download, 
11-26-2022-11-39-56.089,1.2603404852848009e+06, 3, Download, 
11-26-2022-11-39-56.089,1.5026657582476346e+07, 4, Download, 
11-26-2022-11-39-56.089,621985.2792554242, 5, Download, 
11-26-2022-11-39-56.089,605471.4761719351, 6, Download, 
11-26-2022-11-39-56.089,572875.4989335669, 7, Download, 
11-26-2022-11-39-56.089,8.675845375730485e+06, 8, Download, 
11-26-2022-11-39-56.089,2.1689073903165452e+07, 9, Download, 
11-26-2022-11-39-56.089,2.700822103237847e+06, 10, Download, 
11-26-2022-11-39-56.089,605687.29063624, 11, Download, 
11-26-2022-11-39-56.089,834866.2654715742, 12, Download, 
11-26-2022-11-39-56.089,572947.4370883352, 13, Download, 
11-26-2022-11-39-56.089,703906.8512799547, 14, Download, 
11-26-2022-11-39-56.089,703906.8512799547, 15, Download, 
11-26-2022-11-39-56.089,7.120198765121626e+06, 16, Download, 
11-26-2022-11-39-56.089,474727.8764446206, 17, Download, 
11-26-2022-11-39-56.089,425618.0961227633, 18, Download, 
11-26-2022-11-39-56.089,1.129309132938413e+06, 19, Download, 
11-26-2022-11-39-56.092,1.1136127673963762e+06, 0, Upload, 
11-26-2022-11-39-56.092,98259.95006438614, 1, Upload, 
11-26-2022-11-39-56.092,0, 2, Upload, 
11-26-2022-11-39-56.092,1.1299894257404406e+06, 3, Upload, 
11-26-2022-11-39-56.092,458546.433633802, 4, Upload, 
11-26-2022-11-39-56.092,49129.97503219307, 5, Upload, 
11-26-2022-11-39-56.092,442169.7752897376, 6, Upload, 
11-26-2022-11-39-56.092,687819.650450703, 7, Upload, 
11-26-2022-11-39-56.092,1.195496059116698e+06, 8, Upload, 
11-26-2022-11-39-56.092,1.0153528173319901e+06, 9, Upload, 
11-26-2022-11-39-56.092,867962.8922354109, 10, Upload, 
11-26-2022-11-39-56.092,0, 11, Upload, 
11-26-2022-11-39-56.092,196519.90012877228, 12, Upload, 
11-26-2022-11-39-56.092,589559.7003863169, 13, Upload, 
11-26-2022-11-39-56.092,1.244626034148891e+06, 14, Upload, 
11-26-2022-11-39-56.092,0, 15, Upload, 
11-26-2022-11-39-56.092,835209.5755472822, 16, Upload, 
11-26-2022-11-39-56.092,376663.1419134802, 17, Upload, 
11-26-2022-11-39-56.092,1.0972361090523119e+06, 18, Upload, 
11-26-2022-11-39-56.092,1.3428859842132772e+06, 19, Upload, 
11-26-2022-11-39-57.091,539472.9673826952, 0, Download, 
11-26-2022-11-39-57.091,441386.97331311426, 1, Download, 
11-26-2022-11-39-57.091,1.6182752214927103e+06, 2, Download, 
11-26-2022-11-39-57.091,997207.606374073, 3, Download, 
11-26-2022-11-39-57.091,1.1851195532808779e+07, 4, Download, 
11-26-2022-11-39-57.091,572168.2987392221, 5, Download, 
11-26-2022-11-39-57.091,474082.3046696412, 6, Download, 
11-26-2022-11-39-57.091,441386.97331311426, 7, Download, 
11-26-2022-11-39-57.091,6.783419172547096e+06, 8, Download, 
11-26-2022-11-39-57.091,2.720021679814444e+07, 9, Download, 
11-26-2022-11-39-57.091,2.239486517266723e+06, 10, Download, 
11-26-2022-11-39-57.091,506777.6360261682, 11, Download, 
11-26-2022-11-39-57.091,718794.4075497799, 12, Download, 
11-26-2022-11-39-57.091,425039.30763485073, 13, Download, 
11-26-2022-11-39-57.091,604504.4284573108, 14, Download, 
11-26-2022-11-39-57.091,670254.2928088031, 15, Download, 
11-26-2022-11-39-57.091,5.394370472188514e+06, 16, Download, 
11-26-2022-11-39-57.091,457734.6389913777, 17, Download, 
11-26-2022-11-39-57.091,408691.64195658726, 18, Download, 
11-26-2022-11-39-57.091,866426.280947965, 19, Download, 
11-26-2022-11-39-57.093,884093.2641969289, 0, Upload, 
11-26-2022-11-39-57.093,98232.58491076987, 1, Upload, 
11-26-2022-11-39-57.093,0, 2, Upload, 
11-26-2022-11-39-57.093,458418.72958359274, 3, Upload, 
11-26-2022-11-39-57.093,605767.6069497475, 4, Upload, 
11-26-2022-11-39-57.093,98232.58491076987, 5, Upload, 
11-26-2022-11-39-57.093,294697.7547323096, 6, Upload, 
11-26-2022-11-39-57.093,736744.3868307741, 7, Upload, 
11-26-2022-11-39-57.093,916837.4591671855, 8, Upload, 
11-26-2022-11-39-57.093,736744.3868307741, 9, Upload, 
11-26-2022-11-39-57.093,442046.63209846447, 10, Upload, 
11-26-2022-11-39-57.093,0, 11, Upload, 
11-26-2022-11-39-57.093,261953.55976205302, 12, Upload, 
11-26-2022-11-39-57.093,1.309767798810265e+06, 13, Upload, 
11-26-2022-11-39-57.093,442046.63209846447, 14, Upload, 
11-26-2022-11-39-57.093,98232.58491076987, 15, Upload, 
11-26-2022-11-39-57.093,130976.77988102651, 16, Upload, 
11-26-2022-11-39-57.093,851349.0692266723, 17, Upload, 
11-26-2022-11-39-57.093,1.4243724812061633e+06, 18, Upload, 
11-26-2022-11-39-57.093,736744.3868307741, 19, Upload, 
11-26-2022-11-39-58.091,605964.3680248181, 0, Download, 
11-26-2022-11-39-58.091,458731.08186266705, 1, Download, 
11-26-2022-11-39-58.091,1.6710917982140016e+06, 2, Download, 
11-26-2022-11-39-58.091,1.0483841936807681e+06, 3, Download, 
11-26-2022-11-39-58.091,1.3629930475170333e+07, 4, Download, 
11-26-2022-11-39-58.091,737246.3815650006, 5, Download, 
11-26-2022-11-39-58.091,557030.5994046672, 6, Download, 
11-26-2022-11-39-58.091,491497.58771000046, 7, Download, 
11-26-2022-11-39-58.091,9.026524390487794e+06, 8, Download, 
11-26-2022-11-39-58.091,2.6064243470497746e+07, 9, Download, 
11-26-2022-11-39-58.091,2.391810933421436e+06, 10, Download, 
11-26-2022-11-39-58.091,540503.3530471011, 11, Download, 
11-26-2022-11-39-58.091,737246.3815650006, 12, Download, 
11-26-2022-11-39-58.091,442203.83550510096, 13, Download, 
11-26-2022-11-39-58.091,606180.3581756672, 14, Download, 
11-26-2022-11-39-58.091,704263.8855668182, 15, Download, 
11-26-2022-11-39-58.091,6.733156968042257e+06, 16, Download, 
11-26-2022-11-39-58.091,475114.3347863337, 17, Download, 
11-26-2022-11-39-58.091,360431.564320667, 18, Download, 
11-26-2022-11-39-58.091,966467.9290624348, 19, Download, 
11-26-2022-11-39-58.093,688005.6038030834, 0, Upload, 
11-26-2022-11-39-58.093,294859.5444870358, 1, Upload, 
11-26-2022-11-39-58.093,98286.51482901193, 2, Upload, 
11-26-2022-11-39-58.093,950102.9766804486, 3, Upload, 
11-26-2022-11-39-58.093,900959.7192659426, 4, Upload, 
11-26-2022-11-39-58.093,622481.2605837422, 5, Upload, 
11-26-2022-11-39-58.093,245716.2870725298, 6, Upload, 
11-26-2022-11-39-58.093,1.3432490359964962e+06, 7, Upload, 
11-26-2022-11-39-58.093,540575.8315595656, 8, Upload, 
11-26-2022-11-39-58.093,1.326867950191661e+06, 9, Upload, 
11-26-2022-11-39-58.093,1.2449625211674843e+06, 10, Upload, 
11-26-2022-11-39-58.093,0, 11, Upload, 
11-26-2022-11-39-58.093,425908.2309257183, 12, Upload, 
11-26-2022-11-39-58.093,868197.547656272, 13, Upload, 
11-26-2022-11-39-58.093,917340.805070778, 14, Upload, 
11-26-2022-11-39-58.093,147429.7722435179, 15, Upload, 
11-26-2022-11-39-58.093,360383.8877063771, 16, Upload, 
11-26-2022-11-39-58.093,688005.6038030834, 17, Upload, 
11-26-2022-11-39-58.093,966484.0624852839, 18, Upload, 
11-26-2022-11-39-58.093,507813.65994989494, 19, Upload, 
11-26-2022-11-39-59.092,491210.29191095015, 0, Download, 
11-26-2022-11-39-59.092,409341.9099257918, 1, Download, 
11-26-2022-11-39-59.092,1.4406676590409747e+06, 2, Download, 
11-26-2022-11-39-59.092,1.014910514631911e+06, 3, Download, 
11-26-2022-11-39-59.092,1.0377559124466233e+07, 4, Download, 
11-26-2022-11-39-59.092,736484.7265563062, 5, Download, 
11-26-2022-11-39-59.092,605672.4038932371, 6, Download, 
11-26-2022-11-39-59.092,441977.1595977677, 7, Download, 
11-26-2022-11-39-59.092,6.089463087791465e+06, 8, Download, 
11-26-2022-11-39-59.092,1.8856109542331714e+07, 9, Download, 
11-26-2022-11-39-59.092,1.9641990587723276e+06, 10, Download, 
11-26-2022-11-39-59.092,523824.78174550243, 11, Download, 
11-26-2022-11-39-59.092,671150.501611425, 12, Download, 
11-26-2022-11-39-59.092,409238.1107386738, 13, Download, 
11-26-2022-11-39-59.092,441977.1595977677, 14, Download, 
11-26-2022-11-39-59.092,638411.452752331, 15, Download, 
11-26-2022-11-39-59.092,5.008642857121447e+06, 16, Download, 
11-26-2022-11-39-59.092,409094.2379653672, 17, Download, 
11-26-2022-11-39-59.092,294651.4397318451, 18, Download, 
11-26-2022-11-39-59.092,916693.3680546292, 19, Download, 
11-26-2022-11-39-59.094,687366.7413339725, 0, Upload, 
11-26-2022-11-39-59.094,441878.6194289824, 1, Upload, 
11-26-2022-11-39-59.094,245488.1219049902, 2, Upload, 
11-26-2022-11-39-59.094,1.0146842372072929e+06, 3, Upload, 
11-26-2022-11-39-59.094,1.243806484318617e+06, 4, Upload, 
11-26-2022-11-39-59.094,769196.1153023026, 5, Upload, 
11-26-2022-11-39-59.094,523707.9933973125, 6, Upload, 
11-26-2022-11-39-59.094,1.3583676078742791e+06, 7, Upload, 
11-26-2022-11-39-59.094,1.194708859937619e+06, 8, Upload, 
11-26-2022-11-39-59.094,1.227440609524951e+06, 9, Upload, 
11-26-2022-11-39-59.094,523707.9933973125, 10, Upload, 
11-26-2022-11-39-59.094,0, 11, Upload, 
11-26-2022-11-39-59.094,360049.24546065234, 12, Upload, 
11-26-2022-11-39-59.094,458244.4942226484, 13, Upload, 
11-26-2022-11-39-59.094,490976.2438099804, 14, Upload, 
11-26-2022-11-39-59.094,490976.2438099804, 15, Upload, 
11-26-2022-11-39-59.094,556439.7429846445, 16, Upload, 
11-26-2022-11-39-59.094,392780.99504798435, 17, Upload, 
11-26-2022-11-39-59.094,1.047415986794625e+06, 18, Upload, 
11-26-2022-11-39-59.094,638269.1169529746, 19, Upload, 
11-26-2022-11-40-00.093,540159.0649519217, 0, Download, 
11-26-2022-11-40-00.093,409211.41284236487, 1, Download, 
11-26-2022-11-40-00.093,1.6858790892168796e+06, 2, Download, 
11-26-2022-11-40-00.093,1.6043716781863181e+06, 3, Download, 
11-26-2022-11-40-00.093,1.5487407861609893e+07, 4, Download, 
11-26-2022-11-40-00.093,998729.0843031419, 5, Download, 
11-26-2022-11-40-00.093,867748.2207879758, 6, Download, 
11-26-2022-11-40-00.093,573041.277878852, 7, Download, 
11-26-2022-11-40-00.093,7.334136907539735e+06, 8, Download, 
11-26-2022-11-40-00.093,2.134844175422741e+07, 9, Download, 
11-26-2022-11-40-00.093,3.028716618976516e+06, 10, Download, 
11-26-2022-11-40-00.093,507550.84612126887, 11, Download, 
11-26-2022-11-40-00.093,638387.8097619676, 12, Download, 
11-26-2022-11-40-00.093,474733.68030524364, 13, Download, 
11-26-2022-11-40-00.093,867604.3209135084, 14, Download, 
11-26-2022-11-40-00.093,900349.5367923, 15, Download, 
11-26-2022-11-40-00.093,8.562370302743351e+06, 16, Download, 
11-26-2022-11-40-00.093,671276.9255152266, 17, Download, 
11-26-2022-11-40-00.093,474805.63024247735, 18, Download, 
11-26-2022-11-40-00.093,1.162383213759866e+06, 19, Download, 
11-26-2022-11-40-00.094,688084.1690384322, 0, Upload, 
11-26-2022-11-40-00.094,622552.3434157243, 1, Upload, 
11-26-2022-11-40-00.094,688084.1690384322, 2, Upload, 
11-26-2022-11-40-00.094,1.064892166369002e+06, 3, Upload, 
11-26-2022-11-40-00.094,901062.6023122326, 4, Upload, 
11-26-2022-11-40-00.094,720850.0818497861, 5, Upload, 
11-26-2022-11-40-00.094,655318.2562270783, 6, Upload, 
11-26-2022-11-40-00.094,688084.1690384322, 7, Upload, 
11-26-2022-11-40-00.094,1.064892166369002e+06, 8, Upload, 
11-26-2022-11-40-00.094,1.0485092099633252e+06, 9, Upload, 
11-26-2022-11-40-00.094,0, 10, Upload, 
11-26-2022-11-40-00.094,344042.0845192161, 11, Upload, 
11-26-2022-11-40-00.094,507871.64857598563, 12, Upload, 
11-26-2022-11-40-00.094,0, 13, Upload, 
11-26-2022-11-40-00.094,688084.1690384322, 14, Upload, 
11-26-2022-11-40-00.094,1.0812751227746792e+06, 15, Upload, 
11-26-2022-11-40-00.094,98297.73843406174, 16, Upload, 
11-26-2022-11-40-00.094,655318.2562270783, 17, Upload, 
11-26-2022-11-40-00.094,704467.1254441091, 18, Upload, 
11-26-2022-11-40-00.094,49148.86921703087, 19, Upload, 
11-26-2022-11-40-01.093,442275.7854987235, 0, Download, 
11-26-2022-11-40-01.093,392990.0615721622, 1, Download, 
11-26-2022-11-40-01.093,2.211234957511359e+06, 2, Download, 
11-26-2022-11-40-01.093,1.3595885257923722e+06, 3, Download, 
11-26-2022-11-40-01.093,1.5347528040403575e+07, 4, Download, 
11-26-2022-11-40-01.093,737126.3091645391, 5, Download, 
11-26-2022-11-40-01.093,638626.8463025459, 6, Download, 
11-26-2022-11-40-01.093,573320.4626835304, 7, Download, 
11-26-2022-11-40-01.093,7.8621767361505125e+06, 8, Download, 
11-26-2022-11-40-01.093,2.103123098833893e+07, 9, Download, 
11-26-2022-11-40-01.093,3.2267592207024833e+06, 10, Download, 
11-26-2022-11-40-01.093,507798.12409112696, 11, Download, 
11-26-2022-11-40-01.093,606081.6319797322, 12, Download, 
11-26-2022-11-40-01.093,393134.0315544209, 13, Download, 
11-26-2022-11-40-01.093,687984.5552202365, 14, Download, 
11-26-2022-11-40-01.093,671603.9705721356, 15, Download, 
11-26-2022-11-40-01.093,8.451733813499885e+06, 16, Download, 
11-26-2022-11-40-01.093,638842.801275934, 17, Download, 
11-26-2022-11-40-01.093,540559.2933873287, 18, Download, 
11-26-2022-11-40-01.093,1.0483574174784557e+06, 19, Download, 
11-26-2022-11-40-01.095,229343.98357989223, 0, Upload, 
11-26-2022-11-40-01.095,491451.39338548336, 1, Upload, 
11-26-2022-11-40-01.095,540596.5327240317, 2, Upload, 
11-26-2022-11-40-01.095,819085.6556424723, 3, Upload, 
11-26-2022-11-40-01.095,573359.9589497306, 4, Upload, 
11-26-2022-11-40-01.095,1.4088273277050524e+06, 5, Upload, 
11-26-2022-11-40-01.095,884612.5080938701, 6, Upload, 
11-26-2022-11-40-01.095,1.1139564916737622e+06, 7, Upload, 
11-26-2022-11-40-01.095,737177.090078225, 8, Upload, 
11-26-2022-11-40-01.095,393161.1147083867, 9, Upload, 
11-26-2022-11-40-01.095,49145.13933854834, 10, Upload, 
11-26-2022-11-40-01.095,360397.6884826878, 11, Upload, 
11-26-2022-11-40-01.095,573359.9589497306, 12, Upload, 
11-26-2022-11-40-01.095,49145.13933854834, 13, Upload, 
11-26-2022-11-40-01.095,49145.13933854834, 14, Upload, 
11-26-2022-11-40-01.095,556978.2458368811, 15, Upload, 
11-26-2022-11-40-01.095,409542.82782123616, 16, Upload, 
11-26-2022-11-40-01.095,491451.39338548336, 17, Upload, 
11-26-2022-11-40-01.095,1.064811352335214e+06, 18, Upload, 
11-26-2022-11-40-01.095,360397.6884826878, 19, Upload, 
11-26-2022-11-40-02.093,507595.4834651499, 0, Download, 
11-26-2022-11-40-02.093,376603.10063543374, 1, Download, 
11-26-2022-11-40-02.093,1.8501954512047577e+06, 2, Download, 
11-26-2022-11-40-02.093,1.0805432458151935e+06, 3, Download, 
11-26-2022-11-40-02.093,1.283639004213239e+07, 4, Download, 
11-26-2022-11-40-02.093,785810.3844483322, 5, Download, 
11-26-2022-11-40-02.093,785954.2969782966, 6, Download, 
11-26-2022-11-40-02.093,523753.6625239179, 7, Download, 
11-26-2022-11-40-02.093,8.579281512696583e+06, 8, Download, 
11-26-2022-11-40-02.093,2.8325088011506606e+07, 9, Download, 
11-26-2022-11-40-02.093,3.176349414825669e+06, 10, Download, 
11-26-2022-11-40-02.093,425581.331666613, 11, Download, 
11-26-2022-11-40-02.093,704084.057709724, 12, Download, 
11-26-2022-11-40-02.093,409351.1963428628, 13, Download, 
11-26-2022-11-40-02.093,654961.9141485805, 14, Download, 
11-26-2022-11-40-02.093,671264.0057373128, 15, Download, 
11-26-2022-11-40-02.093,6.549259360160894e+06, 16, Download, 
11-26-2022-11-40-02.093,556717.6270262934, 17, Download, 
11-26-2022-11-40-02.093,605623.9017924905, 18, Download, 
11-26-2022-11-40-02.093,949550.8629854774, 19, Download, 
11-26-2022-11-40-02.095,1.211692619506155e+06, 0, Upload, 
11-26-2022-11-40-02.095,1.0479503736269447e+06, 1, Upload, 
11-26-2022-11-40-02.095,638594.7589289194, 2, Upload, 
11-26-2022-11-40-02.095,638594.7589289194, 3, Upload, 
11-26-2022-11-40-02.095,343858.71634634124, 4, Upload, 
11-26-2022-11-40-02.095,261987.59340673618, 5, Upload, 
11-26-2022-11-40-02.095,916956.5769235766, 6, Upload, 
11-26-2022-11-40-02.095,785962.7802202086, 7, Upload, 
11-26-2022-11-40-02.095,491226.7376376304, 8, Upload, 
11-26-2022-11-40-02.095,1.0479503736269447e+06, 9, Upload, 
11-26-2022-11-40-02.095,196490.69505505214, 10, Upload, 
11-26-2022-11-40-02.095,392981.3901101043, 11, Upload, 
11-26-2022-11-40-02.095,638594.7589289194, 12, Upload, 
11-26-2022-11-40-02.095,0, 13, Upload, 
11-26-2022-11-40-02.095,98245.34752752607, 14, Upload, 
11-26-2022-11-40-02.095,605846.3097530775, 15, Upload, 
11-26-2022-11-40-02.095,0, 16, Upload, 
11-26-2022-11-40-02.095,900582.3523356556, 17, Upload, 
11-26-2022-11-40-02.095,474852.5130497093, 18, Upload, 
11-26-2022-11-40-02.095,229239.14423089416, 19, Upload, 
11-26-2022-11-40-03.095,408908.5764880164, 0, Download, 
11-26-2022-11-40-03.095,343411.32578922296, 1, Download, 
11-26-2022-11-40-03.095,2.0606835901174704e+06, 2, Download, 
11-26-2022-11-40-03.095,1.112159449586694e+06, 3, Download, 
11-26-2022-11-40-03.095,1.5161323717725696e+07, 4, Download, 
11-26-2022-11-40-03.095,605184.6932022643, 5, Download, 
11-26-2022-11-40-03.095,997736.92663076, 6, Download, 
11-26-2022-11-40-03.095,572472.007083223, 7, Download, 
11-26-2022-11-40-03.095,7.458061164377154e+06, 8, Download, 
11-26-2022-11-40-03.095,2.623377730595336e+07, 9, Download, 
11-26-2022-11-40-03.095,3.0420641736887097e+06, 10, Download, 
11-26-2022-11-40-03.095,376195.89036897506, 11, Download, 
11-26-2022-11-40-03.095,997736.92663076, 12, Download, 
11-26-2022-11-40-03.095,523402.977904661, 13, Download, 
11-26-2022-11-40-03.095,752391.7807379501, 14, Download, 
11-26-2022-11-40-03.095,572472.007083223, 15, Download, 
11-26-2022-11-40-03.095,7.425204721336692e+06, 16, Download, 
11-26-2022-11-40-03.095,637897.3793213055, 17, Download, 
11-26-2022-11-40-03.095,507046.63484514033, 18, Download, 
11-26-2022-11-40-03.095,899598.8682736361, 19, Download, 
11-26-2022-11-40-03.096,1.1955369281580497e+06, 0, Upload, 
11-26-2022-11-40-03.096,1.015387528024645e+06, 1, Upload, 
11-26-2022-11-40-03.096,589579.854982052, 2, Upload, 
11-26-2022-11-40-03.096,786106.4733094026, 3, Upload, 
11-26-2022-11-40-03.096,491316.54581837665, 4, Upload, 
11-26-2022-11-40-03.096,769729.2551154568, 5, Upload, 
11-26-2022-11-40-03.096,720597.600533619, 6, Upload, 
11-26-2022-11-40-03.096,507693.7640123225, 7, Upload, 
11-26-2022-11-40-03.096,294789.927491026, 8, Upload, 
11-26-2022-11-40-03.096,655088.7277578355, 9, Upload, 
11-26-2022-11-40-03.096,376676.0184607554, 10, Upload, 
11-26-2022-11-40-03.096,556825.4185941601, 11, Upload, 
11-26-2022-11-40-03.096,638711.5095638896, 12, Upload, 
11-26-2022-11-40-03.096,49131.65458183766, 13, Upload, 
11-26-2022-11-40-03.096,49131.65458183766, 14, Upload, 
11-26-2022-11-40-03.096,1.0645191826064826e+06, 15, Upload, 
11-26-2022-11-40-03.096,147394.963745513, 16, Upload, 
11-26-2022-11-40-03.096,376676.0184607554, 17, Upload, 
11-26-2022-11-40-03.096,1.0481419644125368e+06, 18, Upload, 
11-26-2022-11-40-03.096,1.2446685827398875e+06, 19, Upload, 
11-26-2022-11-40-04.096,474940.27711180225, 0, Download, 
11-26-2022-11-40-04.096,360299.52056757413, 1, Download, 
11-26-2022-11-40-04.096,1.997952643715525e+06, 2, Download, 
11-26-2022-11-40-04.096,1.3265573257260683e+06, 3, Download, 
11-26-2022-11-40-04.096,1.4574961658300616e+07, 4, Download, 
11-26-2022-11-40-04.096,605958.2845909201, 5, Download, 
11-26-2022-11-40-04.096,1.3265573257260683e+06, 6, Download, 
11-26-2022-11-40-04.096,638712.7864606996, 7, Download, 
11-26-2022-11-40-04.096,6.32111506848028e+06, 8, Download, 
11-26-2022-11-40-04.096,2.0208160217174504e+07, 9, Download, 
11-26-2022-11-40-04.096,3.8320608077411302e+06, 10, Download, 
11-26-2022-11-40-04.096,442185.7752420228, 11, Download, 
11-26-2022-11-40-04.096,1.1298144034843242e+06, 12, Download, 
11-26-2022-11-40-04.096,655090.0373955893, 13, Download, 
11-26-2022-11-40-04.096,769730.7939398175, 14, Download, 
11-26-2022-11-40-04.096,671467.2883304791, 15, Download, 
11-26-2022-11-40-04.096,7.369403068995268e+06, 16, Download, 
11-26-2022-11-40-04.096,638496.8754376322, 17, Download, 
11-26-2022-11-40-04.096,474868.3067707798, 18, Download, 
11-26-2022-11-40-04.096,1.1462636247602364e+06, 19, Download, 
11-26-2022-11-40-04.096,786107.8877178939, 0, Upload, 
11-26-2022-11-40-04.096,802485.1353786833, 1, Upload, 
11-26-2022-11-40-04.096,262035.9625726313, 2, Upload, 
11-26-2022-11-40-04.096,327544.9532157891, 3, Upload, 
11-26-2022-11-40-04.096,556826.4204668415, 4, Upload, 
11-26-2022-11-40-04.096,1.1791618315768407e+06, 5, Upload, 
11-26-2022-11-40-04.096,753353.392396315, 6, Upload, 
11-26-2022-11-40-04.096,786107.8877178939, 7, Upload, 
11-26-2022-11-40-04.096,736976.1447355255, 8, Upload, 
11-26-2022-11-40-04.096,1.1300300885944725e+06, 9, Upload, 
11-26-2022-11-40-04.096,851616.8783610517, 10, Upload, 
11-26-2022-11-40-04.096,556826.4204668415, 11, Upload, 
11-26-2022-11-40-04.096,327544.9532157891, 12, Upload, 
11-26-2022-11-40-04.096,343922.2008765786, 13, Upload, 
11-26-2022-11-40-04.096,49131.74298236837, 14, Upload, 
11-26-2022-11-40-04.096,917125.8690042095, 15, Upload, 
11-26-2022-11-40-04.096,589580.9157884204, 16, Upload, 
11-26-2022-11-40-04.096,1.0481438502905252e+06, 17, Upload, 
11-26-2022-11-40-04.096,180149.72426868402, 18, Upload, 
11-26-2022-11-40-04.096,671467.1540923677, 19, Upload, 
11-26-2022-11-40-05.096,540663.9981728271, 0, Download, 
11-26-2022-11-40-05.096,442361.45305049483, 1, Download, 
11-26-2022-11-40-05.096,1.9002998755618418e+06, 2, Download, 
11-26-2022-11-40-05.096,1.4087871499501807e+06, 3, Download, 
11-26-2022-11-40-05.096,1.305670276079914e+07, 4, Download, 
11-26-2022-11-40-05.096,573431.5132136045, 5, Download, 
11-26-2022-11-40-05.096,1.3759476359749876e+06, 6, Download, 
11-26-2022-11-40-05.096,475128.9680912723, 7, Download, 
11-26-2022-11-40-05.096,5.242442411852305e+06, 8, Download, 
11-26-2022-11-40-05.096,2.1625479942896847e+07, 9, Download, 
11-26-2022-11-40-05.096,3.636906173788628e+06, 10, Download, 
11-26-2022-11-40-05.096,491440.72667724517, 11, Download, 
11-26-2022-11-40-05.096,1.4909219343553716e+06, 12, Download, 
11-26-2022-11-40-05.096,802660.1206302147, 13, Download, 
11-26-2022-11-40-05.096,769820.6066550215, 14, Download, 
11-26-2022-11-40-05.096,704357.5755078825, 15, Download, 
11-26-2022-11-40-05.096,5.274993930089835e+06, 16, Download, 
11-26-2022-11-40-05.096,475128.9680912723, 17, Download, 
11-26-2022-11-40-05.096,557047.7556932158, 18, Download, 
11-26-2022-11-40-05.096,1.1631747850131819e+06, 19, Download, 
11-26-2022-11-40-05.098,719413.791764827, 0, Upload, 
11-26-2022-11-40-05.098,376057.20933161414, 1, Upload, 
11-26-2022-11-40-05.098,0, 2, Upload, 
11-26-2022-11-40-05.098,1.0954710010964412e+06, 3, Upload, 
11-26-2022-11-40-05.098,196203.76139040737, 4, Upload, 
11-26-2022-11-40-05.098,0, 5, Upload, 
11-26-2022-11-40-05.098,784815.0455616295, 6, Upload, 
11-26-2022-11-40-05.098,948318.1800536356, 7, Upload, 
11-26-2022-11-40-05.098,801165.35901083, 8, Upload, 
11-26-2022-11-40-05.098,343356.5824332129, 9, Upload, 
11-26-2022-11-40-05.098,392407.52278081473, 10, Upload, 
11-26-2022-11-40-05.098,555910.6572728208, 11, Upload, 
11-26-2022-11-40-05.098,294305.64208561106, 12, Upload, 
11-26-2022-11-40-05.098,49050.94034760184, 13, Upload, 
11-26-2022-11-40-05.098,98101.88069520368, 14, Upload, 
11-26-2022-11-40-05.098,392407.52278081473, 15, Upload, 
11-26-2022-11-40-05.098,0, 16, Upload, 
11-26-2022-11-40-05.098,408757.8362300153, 17, Upload, 
11-26-2022-11-40-05.098,588611.2841712221, 18, Upload, 
11-26-2022-11-40-05.098,1.1118213145456417e+06, 19, Upload, 
11-26-2022-11-40-06.096,572795.8355494554, 0, Download, 
11-26-2022-11-40-06.096,736821.8441772906, 1, Download, 
11-26-2022-11-40-06.096,2.128596438734395e+06, 2, Download, 
11-26-2022-11-40-06.096,1.4571979143368653e+06, 3, Download, 
11-26-2022-11-40-06.096,1.5406684123811813e+07, 4, Download, 
11-26-2022-11-40-06.096,589457.4753418325, 5, Download, 
11-26-2022-11-40-06.096,1.3917745945571044e+06, 6, Download, 
11-26-2022-11-40-06.096,572939.7460658962, 7, Download, 
11-26-2022-11-40-06.096,7.515079123800821e+06, 8, Download, 
11-26-2022-11-40-06.096,2.4100246466746975e+07, 9, Download, 
11-26-2022-11-40-06.096,5.010028764114474e+06, 10, Download, 
11-26-2022-11-40-06.096,507588.3815443557, 11, Download, 
11-26-2022-11-40-06.096,1.7192509697470113e+06, 12, Download, 
11-26-2022-11-40-06.096,1.0970458568861883e+06, 13, Download, 
11-26-2022-11-40-06.096,867812.3942532534, 14, Download, 
11-26-2022-11-40-06.096,802317.1192152719, 15, Download, 
11-26-2022-11-40-06.096,6.598217228527302e+06, 16, Download, 
11-26-2022-11-40-06.096,605831.2941013278, 17, Download, 
11-26-2022-11-40-06.096,769497.5264380608, 18, Download, 
11-26-2022-11-40-06.096,1.1625411319241696e+06, 19, Download, 
11-26-2022-11-40-06.098,1.03213337482431e+06, 0, Upload, 
11-26-2022-11-40-06.098,344044.45827476995, 1, Upload, 
11-26-2022-11-40-06.098,245746.0416248357, 2, Upload, 
11-26-2022-11-40-06.098,1.1795809997992113e+06, 3, Upload, 
11-26-2022-11-40-06.098,409576.73604139284, 4, Upload, 
11-26-2022-11-40-06.098,49149.20832496714, 5, Upload, 
11-26-2022-11-40-06.098,1.1468148609159e+06, 6, Upload, 
11-26-2022-11-40-06.098,835536.5415244413, 7, Upload, 
11-26-2022-11-40-06.098,753621.1943161627, 8, Upload, 
11-26-2022-11-40-06.098,901068.8192910642, 9, Upload, 
11-26-2022-11-40-06.098,1.1795809997992113e+06, 10, Upload, 
11-26-2022-11-40-06.098,524258.2221329828, 11, Upload, 
11-26-2022-11-40-06.098,770004.2637578185, 12, Upload, 
11-26-2022-11-40-06.098,147447.6249749014, 13, Upload, 
11-26-2022-11-40-06.098,393193.66659973713, 14, Upload, 
11-26-2022-11-40-06.098,917451.8887327199, 15, Upload, 
11-26-2022-11-40-06.098,344044.45827476995, 16, Upload, 
11-26-2022-11-40-06.098,1.2123471386825228e+06, 17, Upload, 
11-26-2022-11-40-06.098,622556.638782917, 18, Upload, 
11-26-2022-11-40-06.098,606173.5693412614, 19, Upload, 
11-26-2022-11-40-07.096,425905.25011925295, 0, Download, 
11-26-2022-11-40-07.096,671475.8441164228, 1, Download, 
11-26-2022-11-40-07.096,1.736166982724894e+06, 2, Download, 
11-26-2022-11-40-07.096,1.0974530809253368e+06, 3, Download, 
11-26-2022-11-40-07.096,1.2678007836351058e+07, 4, Download, 
11-26-2022-11-40-07.096,474832.2035255681, 5, Download, 
11-26-2022-11-40-07.096,1.1466679810902963e+06, 6, Download, 
11-26-2022-11-40-07.096,507810.10591141693, 7, Download, 
11-26-2022-11-40-07.096,6.28986100470023e+06, 8, Download, 
11-26-2022-11-40-07.096,2.227653706829607e+07, 9, Download, 
11-26-2022-11-40-07.096,4.602764948760974e+06, 10, Download, 
11-26-2022-11-40-07.096,442286.2212776857, 11, Download, 
11-26-2022-11-40-07.096,1.3757136305497114e+06, 12, Download, 
11-26-2022-11-40-07.096,1.0810001230772429e+06, 13, Download, 
11-26-2022-11-40-07.096,704237.7864332885, 14, Download, 
11-26-2022-11-40-07.096,704381.7598126106, 15, Download, 
11-26-2022-11-40-07.096,5.634694145052579e+06, 16, Download, 
11-26-2022-11-40-07.096,638857.8751788794, 17, Download, 
11-26-2022-11-40-07.096,753452.686598248, 18, Download, 
11-26-2022-11-40-07.096,950096.3271891027, 19, Download, 
11-26-2022-11-40-07.099,981879.712743451, 0, Upload, 
11-26-2022-11-40-07.099,327293.2375811503, 1, Upload, 
11-26-2022-11-40-07.099,343657.89946020785, 2, Upload, 
11-26-2022-11-40-07.099,769139.1083157033, 3, Upload, 
11-26-2022-11-40-07.099,376387.2232183229, 4, Upload, 
11-26-2022-11-40-07.099,147281.95691151766, 5, Upload, 
11-26-2022-11-40-07.099,834597.7558319333, 6, Upload, 
11-26-2022-11-40-07.099,1.0637030221387385e+06, 7, Upload, 
11-26-2022-11-40-07.099,1.0146090365015661e+06, 8, Upload, 
11-26-2022-11-40-07.099,523669.18012984056, 9, Upload, 
11-26-2022-11-40-07.099,425481.20885549544, 10, Upload, 
11-26-2022-11-40-07.099,687315.7989204157, 11, Upload, 
11-26-2022-11-40-07.099,360022.5613392654, 12, Upload, 
11-26-2022-11-40-07.099,245469.92818586275, 13, Upload, 
11-26-2022-11-40-07.099,392751.8850973804, 14, Upload, 
11-26-2022-11-40-07.099,556398.5038879556, 15, Upload, 
11-26-2022-11-40-07.099,425481.20885549544, 16, Upload, 
11-26-2022-11-40-07.099,965515.0508643935, 17, Upload, 
11-26-2022-11-40-07.099,818233.0939528758, 18, Upload, 
11-26-2022-11-40-07.099,949150.388985336, 19, Upload, 
11-26-2022-11-40-08.097,606090.5396534152, 0, Download, 
11-26-2022-11-40-08.097,835422.0951979507, 1, Download, 
11-26-2022-11-40-08.097,1.4905111389412733e+06, 2, Download, 
11-26-2022-11-40-08.097,1.425059823406224e+06, 3, Download, 
11-26-2022-11-40-08.097,1.0548603680606699e+07, 4, Download, 
11-26-2022-11-40-08.097,606090.5396534152, 5, Download, 
11-26-2022-11-40-08.097,966180.754169842, 6, Download, 
11-26-2022-11-40-08.097,524186.412673224, 7, Download, 
11-26-2022-11-40-08.097,6.502827751981666e+06, 8, Download, 
11-26-2022-11-40-08.097,2.506093519076003e+07, 9, Download, 
11-26-2022-11-40-08.097,5.274265847278798e+06, 10, Download, 
11-26-2022-11-40-08.097,606090.5396534152, 11, Download, 
11-26-2022-11-40-08.097,1.2447987580006996e+06, 12, Download, 
11-26-2022-11-40-08.097,1.228489918653765e+06, 13, Download, 
11-26-2022-11-40-08.097,671613.8412375682, 14, Download, 
11-26-2022-11-40-08.097,605946.5675552079, 15, Download, 
11-26-2022-11-40-08.097,6.846681113200262e+06, 16, Download, 
11-26-2022-11-40-08.097,589565.7421591696, 17, Download, 
11-26-2022-11-40-08.097,737137.1428217213, 18, Download, 
11-26-2022-11-40-08.097,1.0972993433872517e+06, 19, Download, 
11-26-2022-11-40-08.101,1.0144098389190178e+06, 0, Upload, 
11-26-2022-11-40-08.101,49084.3470444686, 1, Upload, 
11-26-2022-11-40-08.101,441759.12340021745, 2, Upload, 
11-26-2022-11-40-08.101,818072.4507411434, 3, Upload, 
11-26-2022-11-40-08.101,245421.73522234304, 4, Upload, 
11-26-2022-11-40-08.101,572650.7155188004, 5, Upload, 
11-26-2022-11-40-08.101,638096.5115780919, 6, Upload, 
11-26-2022-11-40-08.101,1.1125785330079552e+06, 7, Upload, 
11-26-2022-11-40-08.101,409036.2253705717, 8, Upload, 
11-26-2022-11-40-08.101,1.0307712879338408e+06, 9, Upload, 
11-26-2022-11-40-08.101,294506.08226681163, 10, Upload, 
11-26-2022-11-40-08.101,490843.47044468607, 11, Upload, 
11-26-2022-11-40-08.101,359951.8783261031, 12, Upload, 
11-26-2022-11-40-08.101,343590.42931128026, 13, Upload, 
11-26-2022-11-40-08.101,523566.3684743318, 14, Upload, 
11-26-2022-11-40-08.101,719903.7566522062, 15, Upload, 
11-26-2022-11-40-08.101,818072.4507411434, 16, Upload, 
11-26-2022-11-40-08.101,719903.7566522062, 17, Upload, 
11-26-2022-11-40-08.101,965325.4918745493, 18, Upload, 
11-26-2022-11-40-08.101,932602.5938449035, 19, Upload, 
11-26-2022-11-40-09.097,671278.1329757149, 0, Download, 
11-26-2022-11-40-09.097,998730.8807687465, 1, Download, 
11-26-2022-11-40-09.097,1.260621128936518e+06, 2, Download, 
11-26-2022-11-40-09.097,1.8173627502513255e+06, 3, Download, 
11-26-2022-11-40-09.097,9.724627108786503e+06, 4, Download, 
11-26-2022-11-40-09.097,556669.6712481538, 5, Download, 
11-26-2022-11-40-09.097,867677.8315848801, 6, Download, 
11-26-2022-11-40-09.097,442061.2095205927, 7, Download, 
11-26-2022-11-40-09.097,6.679460454444615e+06, 8, Download, 
11-26-2022-11-40-09.097,2.7749749673726436e+07, 9, Download, 
11-26-2022-11-40-09.097,5.108047015371333e+06, 10, Download, 
11-26-2022-11-40-09.097,703879.5076217105, 11, Download, 
11-26-2022-11-40-09.097,1.0805940677170043e+06, 12, Download, 
11-26-2022-11-40-09.097,1.1951305793779118e+06, 13, Download, 
11-26-2022-11-40-09.097,573042.3086378054, 14, Download, 
11-26-2022-11-40-09.097,654905.4955860632, 15, Download, 
11-26-2022-11-40-09.097,7.3181372127743345e+06, 16, Download, 
11-26-2022-11-40-09.097,540225.0837918485, 17, Download, 
11-26-2022-11-40-09.097,605787.5834171085, 18, Download, 
11-26-2022-11-40-09.097,1.2278039040905612e+06, 19, Download, 
11-26-2022-11-40-09.104,979653.5336648275, 0, Upload, 
11-26-2022-11-40-09.104,97965.35336648276, 1, Upload, 
11-26-2022-11-40-09.104,489826.76683241373, 2, Upload, 
11-26-2022-11-40-09.104,1.1429291226089655e+06, 3, Upload, 
11-26-2022-11-40-09.104,391861.413465931, 4, Upload, 
11-26-2022-11-40-09.104,604119.6790933103, 5, Upload, 
11-26-2022-11-40-09.104,1.0449637692424826e+06, 6, Upload, 
11-26-2022-11-40-09.104,146948.03004972413, 7, Upload, 
11-26-2022-11-40-09.104,914343.2980871723, 8, Upload, 
11-26-2022-11-40-09.104,718412.5913542068, 9, Upload, 
11-26-2022-11-40-09.104,342878.73678268964, 10, Upload, 
11-26-2022-11-40-09.104,1.322532270447517e+06, 11, Upload, 
11-26-2022-11-40-09.104,849033.0625095172, 12, Upload, 
11-26-2022-11-40-09.104,816377.9447206896, 13, Upload, 
11-26-2022-11-40-09.104,718412.5913542068, 14, Upload, 
11-26-2022-11-40-09.104,310223.61899386207, 15, Upload, 
11-26-2022-11-40-09.104,685757.4735653793, 16, Upload, 
11-26-2022-11-40-09.104,571464.5613044827, 17, Upload, 
11-26-2022-11-40-09.104,734740.1502486207, 18, Upload, 
11-26-2022-11-40-09.104,881688.1802983447, 19, Upload, 
11-26-2022-11-40-10.098,786040.3161104821, 0, Download, 
11-26-2022-11-40-10.098,1.0644295947329446e+06, 1, Download, 
11-26-2022-11-40-10.098,1.506433344264553e+06, 2, Download, 
11-26-2022-11-40-10.098,1.9156854139582245e+06, 3, Download, 
11-26-2022-11-40-10.098,9.841232114037575e+06, 4, Download, 
11-26-2022-11-40-10.098,507651.0374880197, 5, Download, 
11-26-2022-11-40-10.098,933422.8753811975, 6, Download, 
11-26-2022-11-40-10.098,540402.7173259564, 7, Download, 
11-26-2022-11-40-10.098,7.221313619423441e+06, 8, Download, 
11-26-2022-11-40-10.098,2.0550239815499935e+07, 9, Download, 
11-26-2022-11-40-10.098,6.631639454060041e+06, 10, Download, 
11-26-2022-11-40-10.098,1.080733470511644e+06, 11, Download, 
11-26-2022-11-40-10.098,1.0642856664524067e+06, 12, Download, 
11-26-2022-11-40-10.098,1.5228091841835212e+06, 13, Download, 
11-26-2022-11-40-10.098,638657.7568397667, 14, Download, 
11-26-2022-11-40-10.098,638585.7926994978, 15, Download, 
11-26-2022-11-40-10.098,9.579146711193811e+06, 16, Download, 
11-26-2022-11-40-10.098,573154.3971638932, 17, Download, 
11-26-2022-11-40-10.098,736768.8680730391, 18, Download, 
11-26-2022-11-40-10.098,1.5720086680806952e+06, 19, Download, 
11-26-2022-11-40-10.104,1.2284776474653052e+06, 0, Upload, 
11-26-2022-11-40-10.104,98278.21179722442, 1, Upload, 
11-26-2022-11-40-10.104,343973.7412902854, 2, Upload, 
11-26-2022-11-40-10.104,229315.82752685694, 3, Upload, 
11-26-2022-11-40-10.104,753466.2904453871, 4, Upload, 
11-26-2022-11-40-10.104,966402.4160060401, 5, Upload, 
11-26-2022-11-40-10.104,950022.714039836, 6, Upload, 
11-26-2022-11-40-10.104,933643.0120736319, 7, Upload, 
11-26-2022-11-40-10.104,900883.6081412238, 8, Upload, 
11-26-2022-11-40-10.104,851744.5022426115, 9, Upload, 
11-26-2022-11-40-10.104,687947.4825805709, 10, Upload, 
11-26-2022-11-40-10.104,655188.0786481628, 11, Upload, 
11-26-2022-11-40-10.104,917263.3101074278, 12, Upload, 
11-26-2022-11-40-10.104,884503.9061750197, 13, Upload, 
11-26-2022-11-40-10.104,802605.3963439993, 14, Upload, 
11-26-2022-11-40-10.104,671567.7806143668, 15, Upload, 
11-26-2022-11-40-10.104,622428.6747157546, 16, Upload, 
11-26-2022-11-40-10.104,507770.7609523261, 17, Upload, 
11-26-2022-11-40-10.104,884503.9061750197, 18, Upload, 
11-26-2022-11-40-10.104,753466.2904453871, 19, Upload, 
11-26-2022-11-40-11.098,736983.9635415594, 0, Download, 
11-26-2022-11-40-11.098,1.211996377193437e+06, 1, Download, 
11-26-2022-11-40-11.098,1.392416783537308e+06, 2, Download, 
11-26-2022-11-40-11.098,1.9165758598616193e+06, 3, Download, 
11-26-2022-11-40-11.098,8.174152287061626e+06, 4, Download, 
11-26-2022-11-40-11.098,524231.0685059603, 5, Download, 
11-26-2022-11-40-11.098,933786.5907762417, 6, Download, 
11-26-2022-11-40-11.098,491466.6267243378, 7, Download, 
11-26-2022-11-40-11.098,6.863646607978374e+06, 8, Download, 
11-26-2022-11-40-11.098,2.6177277147701763e+07, 9, Download, 
11-26-2022-11-40-11.098,6.6998963912519105e+06, 10, Download, 
11-26-2022-11-40-11.098,1.130373241465977e+06, 11, Download, 
11-26-2022-11-40-11.098,1.3432701208648742e+06, 12, Download, 
11-26-2022-11-40-11.098,868257.7072129968, 13, Download, 
11-26-2022-11-40-11.098,638906.6147416391, 14, Download, 
11-26-2022-11-40-11.098,638906.6147416391, 15, Download, 
11-26-2022-11-40-11.098,7.71552209430056e+06, 16, Download, 
11-26-2022-11-40-11.098,622524.3938508278, 17, Download, 
11-26-2022-11-40-11.098,950168.811667053, 18, Download, 
11-26-2022-11-40-11.098,1.5070203375913377e+06, 19, Download, 
11-26-2022-11-40-11.105,1.572663328159327e+06, 0, Upload, 
11-26-2022-11-40-11.105,49145.729004978966, 1, Upload, 
11-26-2022-11-40-11.105,409547.7417081581, 2, Upload, 
11-26-2022-11-40-11.105,0, 3, Upload, 
11-26-2022-11-40-11.105,262110.55469322117, 4, Upload, 
11-26-2022-11-40-11.105,868241.2124212951, 5, Upload, 
11-26-2022-11-40-11.105,49145.729004978966, 6, Upload, 
11-26-2022-11-40-11.105,688040.2060697055, 7, Upload, 
11-26-2022-11-40-11.105,1.11396985744619e+06, 8, Upload, 
11-26-2022-11-40-11.105,0, 9, Upload, 
11-26-2022-11-40-11.105,671658.2964013793, 10, Upload, 
11-26-2022-11-40-11.105,606130.657728074, 11, Upload, 
11-26-2022-11-40-11.105,901005.0317579478, 12, Upload, 
11-26-2022-11-40-11.105,147437.1870149369, 13, Upload, 
11-26-2022-11-40-11.105,278492.4643615475, 14, Upload, 
11-26-2022-11-40-11.105,769949.7544113372, 15, Upload, 
11-26-2022-11-40-11.105,360402.0127031791, 16, Upload, 
11-26-2022-11-40-11.105,1.0812060381095374e+06, 17, Upload, 
11-26-2022-11-40-11.105,1.1631155864511689e+06, 18, Upload, 
11-26-2022-11-40-11.105,425929.6513764844, 19, Upload, 
11-26-2022-11-40-12.098,638937.9831900002, 0, Download, 
11-26-2022-11-40-12.098,901066.3865500002, 1, Download, 
11-26-2022-11-40-12.098,1.1795058194037455e+06, 2, Download, 
11-26-2022-11-40-12.098,1.3761741176400003e+06, 3, Download, 
11-26-2022-11-40-12.098,5.8811460718087265e+06, 4, Download, 
11-26-2022-11-40-12.098,376809.57983000006, 5, Download, 
11-26-2022-11-40-12.098,950071.4707474904, 6, Download, 
11-26-2022-11-40-12.098,392976.61789123545, 7, Download, 
11-26-2022-11-40-12.098,5.340506239878727e+06, 8, Download, 
11-26-2022-11-40-12.098,2.421216737604112e+07, 9, Download, 
11-26-2022-11-40-12.098,5.324051218952471e+06, 10, Download, 
11-26-2022-11-40-12.098,1.2449659245274905e+06, 11, Download, 
11-26-2022-11-40-12.098,1.2614209454537453e+06, 12, Download, 
11-26-2022-11-40-12.098,1.2778759663800003e+06, 13, Download, 
11-26-2022-11-40-12.098,474891.7439412355, 14, Download, 
11-26-2022-11-40-12.098,475107.7310900001, 15, Download, 
11-26-2022-11-40-12.098,5.5044084876949815e+06, 16, Download, 
11-26-2022-11-40-12.098,606171.9327700001, 17, Download, 
11-26-2022-11-40-12.098,950215.4621800001, 18, Download, 
11-26-2022-11-40-12.098,1.1468117647000002e+06, 19, Download, 
11-26-2022-11-40-12.106,507113.61272320955, 0, Upload, 
11-26-2022-11-40-12.106,49075.5109086977, 1, Upload, 
11-26-2022-11-40-12.106,294453.0654521862, 2, Upload, 
11-26-2022-11-40-12.106,0, 3, Upload, 
11-26-2022-11-40-12.106,376245.58363334904, 4, Upload, 
11-26-2022-11-40-12.106,1.0142272254464191e+06, 5, Upload, 
11-26-2022-11-40-12.106,343528.5763608839, 6, Upload, 
11-26-2022-11-40-12.106,654340.1454493026, 7, Upload, 
11-26-2022-11-40-12.106,49075.5109086977, 8, Upload, 
11-26-2022-11-40-12.106,0, 9, Upload, 
11-26-2022-11-40-12.106,359887.07999711647, 10, Upload, 
11-26-2022-11-40-12.106,458038.1018145119, 11, Upload, 
11-26-2022-11-40-12.106,670698.6490855352, 12, Upload, 
11-26-2022-11-40-12.106,392604.0872695816, 13, Upload, 
11-26-2022-11-40-12.106,359887.07999711647, 14, Upload, 
11-26-2022-11-40-12.106,621623.1381768376, 15, Upload, 
11-26-2022-11-40-12.106,605264.634540605, 16, Upload, 
11-26-2022-11-40-12.106,1.1287367509000471e+06, 17, Upload, 
11-26-2022-11-40-12.106,1.0469442327188842e+06, 18, Upload, 
11-26-2022-11-40-12.106,965151.7145377215, 19, Upload, 
11-26-2022-11-40-13.098,671639.425741412, 0, Download, 
11-26-2022-11-40-13.098,1.064794211541263e+06, 1, Download, 
11-26-2022-11-40-13.098,1.4088046491161324e+06, 2, Download, 
11-26-2022-11-40-13.098,1.6379289744586765e+06, 3, Download, 
11-26-2022-11-40-13.098,6.765178661682376e+06, 4, Download, 
11-26-2022-11-40-13.098,1.1137225933922087e+06, 5, Download, 
11-26-2022-11-40-13.098,1.6216915026330398e+06, 6, Download, 
11-26-2022-11-40-13.098,442299.1340248323, 7, Download, 
11-26-2022-11-40-13.098,6.404642797116488e+06, 8, Download, 
11-26-2022-11-40-13.098,2.4521374022064764e+07, 9, Download, 
11-26-2022-11-40-13.098,6.191755943599581e+06, 10, Download, 
11-26-2022-11-40-13.098,1.7526711091083116e+06, 11, Download, 
11-26-2022-11-40-13.098,1.4742584579580957e+06, 12, Download, 
11-26-2022-11-40-13.098,1.555949738625696e+06, 13, Download, 
11-26-2022-11-40-13.098,540587.8304747951, 14, Download, 
11-26-2022-11-40-13.098,606113.6281081035, 15, Download, 
11-26-2022-11-40-13.098,7.1581174811081905e+06, 16, Download, 
11-26-2022-11-40-13.098,638732.5493420673, 17, Download, 
11-26-2022-11-40-13.098,966505.5150913002, 18, Download, 
11-26-2022-11-40-13.098,1.3758977727167879e+06, 19, Download, 
11-26-2022-11-40-13.107,868001.7612893197, 0, Upload, 
11-26-2022-11-40-13.107,0, 1, Upload, 
11-26-2022-11-40-13.107,212906.09239171995, 2, Upload, 
11-26-2022-11-40-13.107,0, 3, Upload, 
11-26-2022-11-40-13.107,540453.9268405199, 4, Upload, 
11-26-2022-11-40-13.107,1.2938139460727596e+06, 5, Upload, 
11-26-2022-11-40-13.107,1.0481530702361597e+06, 6, Upload, 
11-26-2022-11-40-13.107,622340.8854527199, 7, Upload, 
11-26-2022-11-40-13.107,229283.48411415995, 8, Upload, 
11-26-2022-11-40-13.107,49132.17516731998, 9, Upload, 
11-26-2022-11-40-13.107,98264.35033463997, 10, Upload, 
11-26-2022-11-40-13.107,622340.8854527199, 11, Upload, 
11-26-2022-11-40-13.107,1.3593235129625197e+06, 12, Upload, 
11-26-2022-11-40-13.107,786114.8026771197, 13, Upload, 
11-26-2022-11-40-13.107,900756.5447341998, 14, Upload, 
11-26-2022-11-40-13.107,311170.44272635994, 15, Upload, 
11-26-2022-11-40-13.107,966266.1116239597, 16, Upload, 
11-26-2022-11-40-13.107,982643.5033463998, 17, Upload, 
11-26-2022-11-40-13.107,1.3429461212400796e+06, 18, Upload, 
11-26-2022-11-40-13.107,671473.0606200398, 19, Upload, 
11-26-2022-11-40-14.098,737039.079361064, 0, Download, 
11-26-2022-11-40-14.098,917239.3830211328, 1, Download, 
11-26-2022-11-40-14.098,1.3594772287444202e+06, 2, Download, 
11-26-2022-11-40-14.098,1.392384901385468e+06, 3, Download, 
11-26-2022-11-40-14.098,6.028015315985948e+06, 4, Download, 
11-26-2022-11-40-14.098,1.2285664435126781e+06, 5, Download, 
11-26-2022-11-40-14.098,1.5561313687250128e+06, 6, Download, 
11-26-2022-11-40-14.098,409474.15414872946, 7, Download, 
11-26-2022-11-40-14.098,5.962631913903322e+06, 8, Download, 
11-26-2022-11-40-14.098,2.8649832547020067e+07, 9, Download, 
11-26-2022-11-40-14.098,5.782431610243253e+06, 10, Download, 
11-26-2022-11-40-14.098,1.91653197604515e+06, 11, Download, 
11-26-2022-11-40-14.098,1.408694756639502e+06, 12, Download, 
11-26-2022-11-40-14.098,1.35962120981091e+06, 13, Download, 
11-26-2022-11-40-14.098,458691.68204381125, 14, Download, 
11-26-2022-11-40-14.098,671655.6772784379, 15, Download, 
11-26-2022-11-40-14.098,6.486706998029759e+06, 16, Download, 
11-26-2022-11-40-14.098,638891.98570388, 17, Download, 
11-26-2022-11-40-14.098,900785.5467006089, 18, Download, 
11-26-2022-11-40-14.098,1.4415304387473047e+06, 19, Download, 
11-26-2022-11-40-14.107,851874.1234715935, 0, Upload, 
11-26-2022-11-40-14.107,0, 1, Upload, 
11-26-2022-11-40-14.107,475083.64578223485, 2, Upload, 
11-26-2022-11-40-14.107,0, 3, Upload, 
11-26-2022-11-40-14.107,376790.47768935864, 4, Upload, 
11-26-2022-11-40-14.107,49146.58404643808, 5, Upload, 
11-26-2022-11-40-14.107,720816.5660144252, 6, Upload, 
11-26-2022-11-40-14.107,688052.1766501332, 7, Upload, 
11-26-2022-11-40-14.107,540612.4245108189, 8, Upload, 
11-26-2022-11-40-14.107,344026.0883250666, 9, Upload, 
11-26-2022-11-40-14.107,344026.0883250666, 10, Upload, 
11-26-2022-11-40-14.107,999313.8756109077, 11, Upload, 
11-26-2022-11-40-14.107,737198.7606965713, 12, Upload, 
11-26-2022-11-40-14.107,671669.9819679871, 13, Upload, 
11-26-2022-11-40-14.107,933785.0968823236, 14, Upload, 
11-26-2022-11-40-14.107,704434.3713322792, 15, Upload, 
11-26-2022-11-40-14.107,245732.92023219043, 16, Upload, 
11-26-2022-11-40-14.107,737198.7606965713, 17, Upload, 
11-26-2022-11-40-14.107,966549.4862466156, 18, Upload, 
11-26-2022-11-40-14.107,393172.67237150465, 19, Upload, 
11-26-2022-11-40-15.098,1.1465682480933433e+06, 0, Download, 
11-26-2022-11-40-15.098,933634.1448760083, 1, Download, 
11-26-2022-11-40-15.098,1.2776046193040113e+06, 2, Download, 
11-26-2022-11-40-15.098,1.3921174832563025e+06, 3, Download, 
11-26-2022-11-40-15.098,5.584993440283587e+06, 4, Download, 
11-26-2022-11-40-15.098,1.0973576284608215e+06, 5, Download, 
11-26-2022-11-40-15.098,1.474159176120013e+06, 6, Download, 
11-26-2022-11-40-15.098,704320.4952573396, 7, Download, 
11-26-2022-11-40-15.098,4.716949461441434e+06, 8, Download, 
11-26-2022-11-40-15.098,2.5435708030986376e+07, 9, Download, 
11-26-2022-11-40-15.098,5.40489041029744e+06, 10, Download, 
11-26-2022-11-40-15.098,1.8345091969493495e+06, 11, Download, 
11-26-2022-11-40-15.098,1.3103637121066782e+06, 12, Download, 
11-26-2022-11-40-15.098,1.3431228049093452e+06, 13, Download, 
11-26-2022-11-40-15.098,507765.9384413378, 14, Download, 
11-26-2022-11-40-15.098,638586.3683664412, 15, Download, 
11-26-2022-11-40-15.098,6.272934389139593e+06, 16, Download, 
11-26-2022-11-40-15.098,933562.1644474867, 17, Download, 
11-26-2022-11-40-15.098,835356.8664680073, 18, Download, 
11-26-2022-11-40-15.098,1.9326425145003074e+06, 19, Download, 
11-26-2022-11-40-15.108,1.2765698578149439e+06, 0, Upload, 
11-26-2022-11-40-15.108,49098.840685190145, 1, Upload, 
11-26-2022-11-40-15.108,441889.56616671133, 2, Upload, 
11-26-2022-11-40-15.108,98197.68137038029, 3, Upload, 
11-26-2022-11-40-15.108,916511.6927902161, 4, Upload, 
11-26-2022-11-40-15.108,294593.0441111409, 5, Upload, 
11-26-2022-11-40-15.108,687383.769592662, 6, Upload, 
11-26-2022-11-40-15.108,1.0801744950741832e+06, 7, Upload, 
11-26-2022-11-40-15.108,736482.6102778522, 8, Upload, 
11-26-2022-11-40-15.108,556453.5277654884, 9, Upload, 
11-26-2022-11-40-15.108,490988.40685190144, 10, Upload, 
11-26-2022-11-40-15.108,261860.48365434745, 11, Upload, 
11-26-2022-11-40-15.108,1.440232660098911e+06, 12, Upload, 
11-26-2022-11-40-15.108,1.031075654388993e+06, 13, Upload, 
11-26-2022-11-40-15.108,654651.2091358686, 14, Upload, 
11-26-2022-11-40-15.108,998343.0939321996, 15, Upload, 
11-26-2022-11-40-15.108,572819.807993885, 16, Upload, 
11-26-2022-11-40-15.108,1.3256686985001338e+06, 17, Upload, 
11-26-2022-11-40-15.108,556453.5277654884, 18, Upload, 
11-26-2022-11-40-15.108,1.2438372973581504e+06, 19, Upload, 
11-26-2022-11-40-16.099,1.6378628151019586e+06, 0, Download, 
11-26-2022-11-40-16.099,933560.9287018817, 1, Download, 
11-26-2022-11-40-16.099,1.212178291836971e+06, 2, Download, 
11-26-2022-11-40-16.099,1.3104630182021307e+06, 3, Download, 
11-26-2022-11-40-16.099,5.175968992480575e+06, 4, Download, 
11-26-2022-11-40-16.099,1.0811319900167577e+06, 5, Download, 
11-26-2022-11-40-16.099,1.3923669568397638e+06, 6, Download, 
11-26-2022-11-40-16.099,966394.4900405031, 7, Download, 
11-26-2022-11-40-16.099,4.520809469263078e+06, 8, Download, 
11-26-2022-11-40-16.099,2.9499783092535555e+07, 9, Download, 
11-26-2022-11-40-16.099,5.356301629250504e+06, 10, Download, 
11-26-2022-11-40-16.099,1.65445956048019e+06, 11, Download, 
11-26-2022-11-40-16.099,1.3104630182021307e+06, 12, Download, 
11-26-2022-11-40-16.099,1.212178291836971e+06, 13, Download, 
11-26-2022-11-40-16.099,524041.23551371583, 14, Download, 
11-26-2022-11-40-16.099,589708.3581909589, 15, Download, 
11-26-2022-11-40-16.099,6.4044560861615045e+06, 16, Download, 
11-26-2022-11-40-16.099,1.0483704145617045e+06, 17, Download, 
11-26-2022-11-40-16.099,720754.6600111718, 18, Download, 
11-26-2022-11-40-16.099,2.4569741873618583e+06, 19, Download, 
11-26-2022-11-40-16.109,752949.4509710284, 0, Upload, 
11-26-2022-11-40-16.109,98210.79795274284, 1, Upload, 
11-26-2022-11-40-16.109,147316.19692911426, 2, Upload, 
11-26-2022-11-40-16.109,98210.79795274284, 3, Upload, 
11-26-2022-11-40-16.109,212790.06223094283, 4, Upload, 
11-26-2022-11-40-16.109,0, 5, Upload, 
11-26-2022-11-40-16.109,360106.25916005706, 6, Upload, 
11-26-2022-11-40-16.109,752949.4509710284, 7, Upload, 
11-26-2022-11-40-16.109,769317.9172964855, 8, Upload, 
11-26-2022-11-40-16.109,360106.25916005706, 9, Upload, 
11-26-2022-11-40-16.109,540159.3887400856, 10, Upload, 
11-26-2022-11-40-16.109,49105.39897637142, 11, Upload, 
11-26-2022-11-40-16.109,736580.9846455713, 12, Upload, 
11-26-2022-11-40-16.109,180053.12958002853, 13, Upload, 
11-26-2022-11-40-16.109,65473.86530182856, 14, Upload, 
11-26-2022-11-40-16.109,1.0148449121783427e+06, 15, Upload, 
11-26-2022-11-40-16.109,703844.051994657, 16, Upload, 
11-26-2022-11-40-16.109,1.1130557101310855e+06, 17, Upload, 
11-26-2022-11-40-16.109,671107.1193437427, 18, Upload, 
11-26-2022-11-40-16.109,834791.7825983141, 19, Upload, 
11-26-2022-11-40-17.099,1.3101936248509018e+06, 0, Download, 
11-26-2022-11-40-17.099,982627.2248784122, 1, Download, 
11-26-2022-11-40-17.099,1.3591846347686623e+06, 2, Download, 
11-26-2022-11-40-17.099,1.4575265297994656e+06, 3, Download, 
11-26-2022-11-40-17.099,3.930652849591762e+06, 4, Download, 
11-26-2022-11-40-17.099,900663.6498462333, 5, Download, 
11-26-2022-11-40-17.099,949942.5599202197, 6, Download, 
11-26-2022-11-40-17.099,1.2774369848536528e+06, 7, Download, 
11-26-2022-11-40-17.099,4.176183699493016e+06, 8, Download, 
11-26-2022-11-40-17.099,3.124767530620381e+07, 9, Download, 
11-26-2022-11-40-17.099,4.290616014366218e+06, 10, Download, 
11-26-2022-11-40-17.099,1.8340839396897156e+06, 11, Download, 
11-26-2022-11-40-17.099,933348.3148044258, 12, Download, 
11-26-2022-11-40-17.099,1.2936713547741643e+06, 13, Download, 
11-26-2022-11-40-17.099,655132.7999449791, 14, Download, 
11-26-2022-11-40-17.099,949942.5599202197, 15, Download, 
11-26-2022-11-40-17.099,4.89690175447155e+06, 16, Download, 
11-26-2022-11-40-17.099,1.097203489829727e+06, 17, Download, 
11-26-2022-11-40-17.099,818915.9999312239, 18, Download, 
11-26-2022-11-40-17.099,1.9652544497568244e+06, 19, Download, 
11-26-2022-11-40-17.109,1.2775355234193653e+06, 0, Upload, 
11-26-2022-11-40-17.109,589631.7800397071, 1, Upload, 
11-26-2022-11-40-17.109,343951.8716898291, 2, Upload, 
11-26-2022-11-40-17.109,245679.90834987792, 3, Upload, 
11-26-2022-11-40-17.109,442223.8350297803, 4, Upload, 
11-26-2022-11-40-17.109,0, 5, Upload, 
11-26-2022-11-40-17.109,606010.4405963656, 6, Upload, 
11-26-2022-11-40-17.109,786175.7067196093, 7, Upload, 
11-26-2022-11-40-17.109,1.4085648078726334e+06, 8, Upload, 
11-26-2022-11-40-17.109,851690.3489462435, 9, Upload, 
11-26-2022-11-40-17.109,425845.17447312176, 10, Upload, 
11-26-2022-11-40-17.109,294815.89001985354, 11, Upload, 
11-26-2022-11-40-17.109,999098.2939561702, 12, Upload, 
11-26-2022-11-40-17.109,294815.89001985354, 13, Upload, 
11-26-2022-11-40-17.109,327573.2111331706, 14, Upload, 
11-26-2022-11-40-17.109,851690.3489462435, 15, Upload, 
11-26-2022-11-40-17.109,720661.0644929752, 16, Upload, 
11-26-2022-11-40-17.109,442223.8350297803, 17, Upload, 
11-26-2022-11-40-17.109,687903.7433796582, 18, Upload, 
11-26-2022-11-40-17.109,704282.4039363167, 19, Upload, 
11-26-2022-11-40-18.100,1.3093751407928916e+06, 0, Download, 
11-26-2022-11-40-18.100,1.1784376267136026e+06, 1, Download, 
11-26-2022-11-40-18.100,1.358404782447948e+06, 2, Download, 
11-26-2022-11-40-18.100,1.5056375596624708e+06, 3, Download, 
11-26-2022-11-40-18.100,3.927693865630611e+06, 4, Download, 
11-26-2022-11-40-18.100,981959.4294699915, 5, Download, 
11-26-2022-11-40-18.100,1.0635076712708378e+06, 6, Download, 
11-26-2022-11-40-18.100,1.4894142226519142e+06, 7, Download, 
11-26-2022-11-40-18.100,4.795226822530579e+06, 8, Download, 
11-26-2022-11-40-18.100,2.9920621428291205e+07, 9, Download, 
11-26-2022-11-40-18.100,3.9250990198193374e+06, 10, Download, 
11-26-2022-11-40-18.100,2.1423519524301575e+06, 11, Download, 
11-26-2022-11-40-18.100,932262.227900764, 12, Download, 
11-26-2022-11-40-18.100,1.3900718536943425e+06, 13, Download, 
11-26-2022-11-40-18.100,834057.4871481624, 14, Download, 
11-26-2022-11-40-18.100,997540.3893150735, 15, Download, 
11-26-2022-11-40-18.100,4.873572976087002e+06, 16, Download, 
11-26-2022-11-40-18.100,1.27565538457484e+06, 17, Download, 
11-26-2022-11-40-18.100,899335.648562472, 18, Download, 
11-26-2022-11-40-18.100,1.7171814073437334e+06, 19, Download, 
11-26-2022-11-40-18.109,720773.5405754562, 0, Upload, 
11-26-2022-11-40-18.109,409530.42078150925, 1, Upload, 
11-26-2022-11-40-18.109,507817.7217690715, 2, Upload, 
11-26-2022-11-40-18.109,196574.60197512445, 3, Upload, 
11-26-2022-11-40-18.109,589723.8059253733, 4, Upload, 
11-26-2022-11-40-18.109,0, 5, Upload, 
11-26-2022-11-40-18.109,688011.1069129355, 6, Upload, 
11-26-2022-11-40-18.109,1.0483978772006637e+06, 7, Upload, 
11-26-2022-11-40-18.109,720773.5405754562, 8, Upload, 
11-26-2022-11-40-18.109,1.015635443538143e+06, 9, Upload, 
11-26-2022-11-40-18.109,638867.4564191544, 10, Upload, 
11-26-2022-11-40-18.109,344005.55345646775, 11, Upload, 
11-26-2022-11-40-18.109,982873.0098756222, 12, Upload, 
11-26-2022-11-40-18.109,1.0320166603694033e+06, 13, Upload, 
11-26-2022-11-40-18.109,0, 14, Upload, 
11-26-2022-11-40-18.109,688011.1069129355, 15, Upload, 
11-26-2022-11-40-18.109,98287.30098756222, 16, Upload, 
11-26-2022-11-40-18.109,704392.3237441959, 17, Upload, 
11-26-2022-11-40-18.109,1.0483978772006637e+06, 18, Upload, 
11-26-2022-11-40-18.109,769917.1910692374, 19, Upload, 
11-26-2022-11-40-19.100,1.342807011476111e+06, 0, Download, 
11-26-2022-11-40-19.100,1.359184462133593e+06, 1, Download, 
11-26-2022-11-40-19.100,1.7522432779131627e+06, 2, Download, 
11-26-2022-11-40-19.100,1.6049901644332432e+06, 3, Download, 
11-26-2022-11-40-19.100,3.70108793493482e+06, 4, Download, 
11-26-2022-11-40-19.100,1.2283087993111557e+06, 5, Download, 
11-26-2022-11-40-19.100,1.064534292736335e+06, 6, Download, 
11-26-2022-11-40-19.100,1.293602688284955e+06, 7, Download, 
11-26-2022-11-40-19.100,4.2087889053167645e+06, 8, Download, 
11-26-2022-11-40-19.100,2.888364922844049e+07, 9, Download, 
11-26-2022-11-40-19.100,3.9004120405756584e+06, 10, Download, 
11-26-2022-11-40-19.100,2.3107322710566977e+06, 11, Download, 
11-26-2022-11-40-19.100,1.0323751596881051e+06, 12, Download, 
11-26-2022-11-40-19.100,1.999337590082297e+06, 13, Download, 
11-26-2022-11-40-19.100,901405.6554522128, 14, Download, 
11-26-2022-11-40-19.100,1.1636327552201292e+06, 15, Download, 
11-26-2022-11-40-19.100,5.60474414341905e+06, 16, Download, 
11-26-2022-11-40-19.100,1.770032923433436e+06, 17, Download, 
11-26-2022-11-40-19.100,1.114465174013645e+06, 18, Download, 
11-26-2022-11-40-19.100,2.507330573058602e+06, 19, Download, 
11-26-2022-11-40-19.110,327251.85639627674, 0, Upload, 
11-26-2022-11-40-19.110,294526.67075664905, 1, Upload, 
11-26-2022-11-40-19.110,310889.2635764629, 2, Upload, 
11-26-2022-11-40-19.110,98175.55691888303, 3, Upload, 
11-26-2022-11-40-19.110,1.0308433476482717e+06, 4, Upload, 
11-26-2022-11-40-19.110,98175.55691888303, 5, Upload, 
11-26-2022-11-40-19.110,801767.048170878, 6, Upload, 
11-26-2022-11-40-19.110,949030.3835492026, 7, Upload, 
11-26-2022-11-40-19.110,899942.6050897611, 8, Upload, 
11-26-2022-11-40-19.110,1.3580952040445486e+06, 9, Upload, 
11-26-2022-11-40-19.110,343614.44921609055, 10, Upload, 
11-26-2022-11-40-19.110,703591.491251995, 11, Upload, 
11-26-2022-11-40-19.110,523602.9702340428, 12, Upload, 
11-26-2022-11-40-19.110,441790.0061349736, 13, Upload, 
11-26-2022-11-40-19.110,147263.33537832453, 14, Upload, 
11-26-2022-11-40-19.110,1.2435570543058517e+06, 15, Upload, 
11-26-2022-11-40-19.110,1.0472059404680856e+06, 16, Upload, 
11-26-2022-11-40-19.110,261669.77586519948, 17, Upload, 
11-26-2022-11-40-19.110,964907.2985029231, 18, Upload, 
11-26-2022-11-40-19.110,948552.937511348, 19, Upload, 
11-26-2022-11-40-20.101,1.539515959733288e+06, 0, Download, 
11-26-2022-11-40-20.101,1.228322653524337e+06, 1, Download, 
11-26-2022-11-40-20.101,1.8344026471264483e+06, 2, Download, 
11-26-2022-11-40-20.101,1.6048863874921277e+06, 3, Download, 
11-26-2022-11-40-20.101,4.094360860915898e+06, 4, Download, 
11-26-2022-11-40-20.101,1.359279437785531e+06, 5, Download, 
11-26-2022-11-40-20.101,1.4413163655993524e+06, 6, Download, 
11-26-2022-11-40-20.101,1.293837033778853e+06, 7, Download, 
11-26-2022-11-40-20.101,4.569268141513301e+06, 8, Download, 
11-26-2022-11-40-20.101,2.7465032539262045e+07, 9, Download, 
11-26-2022-11-40-20.101,3.6031469615027043e+06, 10, Download, 
11-26-2022-11-40-20.101,2.374752331730529e+06, 11, Download, 
11-26-2022-11-40-20.101,1.1956374396449171e+06, 12, Download, 
11-26-2022-11-40-20.101,1.8342586946307719e+06, 13, Download, 
11-26-2022-11-40-20.101,999094.2988813692, 14, Download, 
11-26-2022-11-40-20.101,1.3100716763468056e+06, 15, Download, 
11-26-2022-11-40-20.101,6.141469315126008e+06, 16, Download, 
11-26-2022-11-40-20.101,1.9490528125718513e+06, 17, Download, 
11-26-2022-11-40-20.101,1.2118001059650315e+06, 18, Download, 
11-26-2022-11-40-20.101,2.3748243079783674e+06, 19, Download, 
11-26-2022-11-40-20.111,491037.60465718474, 0, Upload, 
11-26-2022-11-40-20.111,507405.52481242426, 1, Upload, 
11-26-2022-11-40-20.111,1.2112260914877225e+06, 2, Upload, 
11-26-2022-11-40-20.111,147215.99376536434, 3, Upload, 
11-26-2022-11-40-20.111,425290.64865549695, 4, Upload, 
11-26-2022-11-40-20.111,49071.99792178811, 5, Upload, 
11-26-2022-11-40-20.111,866938.62995159, 6, Upload, 
11-26-2022-11-40-20.111,932367.9605139741, 7, Upload, 
11-26-2022-11-40-20.111,441647.98129609297, 8, Upload, 
11-26-2022-11-40-20.111,736079.9688268217, 9, Upload, 
11-26-2022-11-40-20.111,1.0305119563575503e+06, 10, Upload, 
11-26-2022-11-40-20.111,261717.32224953658, 11, Upload, 
11-26-2022-11-40-20.111,490719.9792178811, 12, Upload, 
11-26-2022-11-40-20.111,965082.6257951661, 13, Upload, 
11-26-2022-11-40-20.111,245359.98960894055, 14, Upload, 
11-26-2022-11-40-20.111,408933.3160149009, 15, Upload, 
11-26-2022-11-40-20.111,948725.2931545702, 16, Upload, 
11-26-2022-11-40-20.111,867375.075452518, 17, Upload, 
11-26-2022-11-40-20.111,343676.9166887335, 18, Upload, 
11-26-2022-11-40-20.111,1.0473963175275688e+06, 19, Upload, 
11-26-2022-11-40-21.101,1.834031793821461e+06, 0, Download, 
11-26-2022-11-40-21.101,1.3427874146166414e+06, 1, Download, 
11-26-2022-11-40-21.101,2.2597673264431893e+06, 2, Download, 
11-26-2022-11-40-21.101,2.1617919372420134e+06, 3, Download, 
11-26-2022-11-40-21.101,4.66714546820343e+06, 4, Download, 
11-26-2022-11-40-21.101,1.555691166011688e+06, 5, Download, 
11-26-2022-11-40-21.101,1.6046788606122762e+06, 6, Download, 
11-26-2022-11-40-21.101,1.424817413182236e+06, 7, Download, 
11-26-2022-11-40-21.101,5.224042634328071e+06, 8, Download, 
11-26-2022-11-40-21.101,1.9029024469357453e+07, 9, Download, 
11-26-2022-11-40-21.101,3.7335724342260133e+06, 10, Download, 
11-26-2022-11-40-21.101,2.2927376602398306e+06, 11, Download, 
11-26-2022-11-40-21.101,1.4573559259686861e+06, 12, Download, 
11-26-2022-11-40-21.101,2.1288935736137372e+06, 13, Download, 
11-26-2022-11-40-21.101,982632.6987463697, 14, Download, 
11-26-2022-11-40-21.101,1.4738770779511894e+06, 15, Download, 
11-26-2022-11-40-21.101,7.582289141150993e+06, 16, Download, 
11-26-2022-11-40-21.101,1.899756550909648e+06, 17, Download, 
11-26-2022-11-40-21.101,1.5558351063484186e+06, 18, Download, 
11-26-2022-11-40-21.101,3.1605139669606946e+06, 19, Download, 
11-26-2022-11-40-21.111,786404.4758433455, 0, Upload, 
11-26-2022-11-40-21.111,835554.7555835546, 1, Upload, 
11-26-2022-11-40-21.111,655337.0632027879, 2, Upload, 
11-26-2022-11-40-21.111,344275.0061512701, 3, Upload, 
11-26-2022-11-40-21.111,196728.57494358293, 4, Upload, 
11-26-2022-11-40-21.111,98364.28747179147, 5, Upload, 
11-26-2022-11-40-21.111,770520.2518623665, 6, Upload, 
11-26-2022-11-40-21.111,360669.05406323535, 7, Upload, 
11-26-2022-11-40-21.111,901672.6351580884, 8, Upload, 
11-26-2022-11-40-21.111,295092.8624153744, 9, Upload, 
11-26-2022-11-40-21.111,1.3115238329572196e+06, 10, Upload, 
11-26-2022-11-40-21.111,754126.2039504013, 11, Upload, 
11-26-2022-11-40-21.111,934460.7309820189, 12, Upload, 
11-26-2022-11-40-21.111,377063.10197520064, 13, Upload, 
11-26-2022-11-40-21.111,49182.143735895734, 14, Upload, 
11-26-2022-11-40-21.111,737732.156038436, 15, Upload, 
11-26-2022-11-40-21.111,1.1311893059256019e+06, 16, Upload, 
11-26-2022-11-40-21.111,1.0492190663657757e+06, 17, Upload, 
11-26-2022-11-40-21.111,1.1803714496614975e+06, 18, Upload, 
11-26-2022-11-40-21.111,704944.0602145055, 19, Upload, 
11-26-2022-11-40-22.101,2.4404872592526833e+06, 0, Download, 
11-26-2022-11-40-22.101,1.7033838692249337e+06, 1, Download, 
11-26-2022-11-40-22.101,2.6042160298392507e+06, 2, Download, 
11-26-2022-11-40-22.101,2.5061515260943477e+06, 3, Download, 
11-26-2022-11-40-22.101,4.766385973920649e+06, 4, Download, 
11-26-2022-11-40-22.101,1.8837086634042484e+06, 5, Download, 
11-26-2022-11-40-22.101,1.8180443965625835e+06, 6, Download, 
11-26-2022-11-40-22.101,1.949013016481251e+06, 7, Download, 
11-26-2022-11-40-22.101,5.667146151782033e+06, 8, Download, 
11-26-2022-11-40-22.101,1.0400843957787715e+07, 9, Download, 
11-26-2022-11-40-22.101,3.930930149136267e+06, 10, Download, 
11-26-2022-11-40-22.101,2.1455019377357187e+06, 11, Download, 
11-26-2022-11-40-22.101,1.719835927311816e+06, 12, Download, 
11-26-2022-11-40-22.101,2.391347033250833e+06, 13, Download, 
11-26-2022-11-40-22.101,966424.4447030491, 14, Download, 
11-26-2022-11-40-22.101,1.8835646978983835e+06, 15, Download, 
11-26-2022-11-40-22.101,7.812648089517752e+06, 16, Download, 
11-26-2022-11-40-22.101,1.6375036541244718e+06, 17, Download, 
11-26-2022-11-40-22.101,1.7689041705607336e+06, 18, Download, 
11-26-2022-11-40-22.101,3.750893285968682e+06, 19, Download, 
11-26-2022-11-40-22.112,868090.5311320231, 0, Upload, 
11-26-2022-11-40-22.112,262065.06600212015, 1, Upload, 
11-26-2022-11-40-22.112,884469.5977571555, 2, Upload, 
11-26-2022-11-40-22.112,311202.2658775177, 3, Upload, 
11-26-2022-11-40-22.112,343960.39912778273, 4, Upload, 
11-26-2022-11-40-22.112,245685.99937698766, 5, Upload, 
11-26-2022-11-40-22.112,1.0318811973833481e+06, 6, Upload, 
11-26-2022-11-40-22.112,540509.1986293729, 7, Upload, 
11-26-2022-11-40-22.112,1.0973974638838782e+06, 8, Upload, 
11-26-2022-11-40-22.112,98274.39975079506, 9, Upload, 
11-26-2022-11-40-22.112,1.0482602640084806e+06, 10, Upload, 
11-26-2022-11-40-22.112,851711.4645068905, 11, Upload, 
11-26-2022-11-40-22.112,1.0155021307582157e+06, 12, Upload, 
11-26-2022-11-40-22.112,49137.19987539753, 13, Upload, 
11-26-2022-11-40-22.112,0, 14, Upload, 
11-26-2022-11-40-22.112,786195.1980063604, 15, Upload, 
11-26-2022-11-40-22.112,933606.797632553, 16, Upload, 
11-26-2022-11-40-22.112,1.375841596511131e+06, 17, Upload, 
11-26-2022-11-40-22.112,687920.7982555655, 18, Upload, 
11-26-2022-11-40-22.112,1.0318811973833481e+06, 19, Upload, 
