Time of the generation of the data point., The number of round trips measured by this data point., The duration for this measurement., The underlying connection's RTT at probe time., The underlying connection's congestion window at probe time., The type of the probe., 
11-26-2022-11-58-13.353,1, 0.103245,0.048173,65520, SelfUp,
11-26-2022-11-58-13.453,1, 0.0460717,0.047889,65520, SelfUp,
11-26-2022-11-58-13.353,1, 0.3735784,0.046928,13902, SelfDown,
11-26-2022-11-58-13.554,1, 0.3857911,0.045965,13904, SelfDown,
11-26-2022-11-58-13.654,1, 0.2852883,0.045965,13904, SelfDown,
11-26-2022-11-58-13.453,1, 0.6067746,0.044082,13906, SelfDown,
11-26-2022-11-58-13.754,1, 0.3058754,0.044082,13906, SelfDown,
11-26-2022-11-58-13.854,1, 0.3017147,0.043982,13908, SelfDown,
11-26-2022-11-58-13.955,1, 0.2755643,0.047317,14576, SelfDown,
11-26-2022-11-58-14.055,1, 0.1751558,0.047317,14576, SelfDown,
11-26-2022-11-58-13.554,1, 0.6973651,0.058569,68376, SelfUp,
11-26-2022-11-58-13.654,1, 0.5968623,0.058569,68376, SelfUp,
11-26-2022-11-58-13.754,1, 0.4968428,0.058569,68376, SelfUp,
11-26-2022-11-58-13.854,1, 0.3968374,0.058569,68376, SelfUp,
11-26-2022-11-58-13.955,1, 0.3401293,0.05667,68595, SelfUp,
11-26-2022-11-58-14.055,1, 0.2397208,0.05667,68595, SelfUp,
11-26-2022-11-58-14.155,1, 0.1395961,0.05667,68595, SelfUp,
11-26-2022-11-58-14.258,1, 0.0505904,0.04573,72548, SelfUp,
11-26-2022-11-58-14.359,1, 0.0849497,0.050821,72855, SelfUp,
11-26-2022-11-58-14.155,1, 0.2936695,0.04838,17069, SelfDown,
11-26-2022-11-58-14.459,1, 0.0786469,0.049822,73033, SelfUp,
11-26-2022-11-58-14.258,1, 0.3249215,0.045329,20164, SelfDown,
11-26-2022-11-58-14.559,1, 0.0950446,0.04658,77135, SelfUp,
11-26-2022-11-58-14.661,1, 0.0406048,0.043108,79131, SelfUp,
11-26-2022-11-58-14.360,1, 0.4956544,0.043584,24438, SelfDown,
11-26-2022-11-58-14.459,1, 0.3963163,0.043584,24438, SelfDown,
11-26-2022-11-58-14.761,1, 0.1843113,0.035986,82528, SelfUp,
11-26-2022-11-58-14.864,1, 0.081773,0.035986,82528, SelfUp,
11-26-2022-11-58-14.964,1, 0.0344255,0.035965,88004, SelfUp,
11-26-2022-11-58-14.559,1, 0.5223369,0.04076,29210, SelfDown,
11-26-2022-11-58-14.761,1, 0.3295828,0.04076,29210, SelfDown,
11-26-2022-11-58-14.661,1, 0.4296582,0.04076,29210, SelfDown,
11-26-2022-11-58-15.064,1, 0.0383773,0.039907,88210, SelfUp,
11-26-2022-11-58-15.165,1, 0.0405568,0.039968,88931, SelfUp,
11-26-2022-11-58-14.864,1, 0.3434351,0.041789,32196, SelfDown,
11-26-2022-11-58-14.964,1, 0.3334192,0.041999,32324, SelfDown,
11-26-2022-11-58-15.266,1, 0.046865,0.044294,92902, SelfUp,
11-26-2022-11-58-15.366,1, 0.0450833,0.046323,92931, SelfUp,
11-26-2022-11-58-15.468,1, 0.039807,0.03977,95296, SelfUp,
11-26-2022-11-58-15.165,1, 0.4240144,0.044475,23736, SelfDown,
11-26-2022-11-58-15.568,1, 0.0692322,0.035976,99482, SelfUp,
11-26-2022-11-58-15.266,1, 0.3828169,0.042833,24103, SelfDown,
11-26-2022-11-58-15.064,1, 0.5983866,0.042833,24103, SelfDown,
11-26-2022-11-58-15.366,1, 0.3165637,0.042833,24103, SelfDown,
11-26-2022-11-58-15.668,1, 0.0333159,0.035806,102370, SelfUp,
11-26-2022-11-58-15.468,1, 0.3241169,0.041705,29453, SelfDown,
11-26-2022-11-58-15.768,1, 0.0369705,0.038739,102383, SelfUp,
11-26-2022-11-58-15.869,1, 0.0360368,0.038697,103322, SelfUp,
11-26-2022-11-58-15.668,1, 0.3346118,0.040365,31882, SelfDown,
11-26-2022-11-58-15.970,1, 0.0930807,0.043023,103414, SelfUp,
11-26-2022-11-58-16.071,1, 0.054525,0.048111,103421, SelfUp,
11-26-2022-11-58-15.768,1, 0.3913867,0.045861,34252, SelfDown,
11-26-2022-11-58-15.568,1, 0.5914764,0.045861,34252, SelfDown,
11-26-2022-11-58-15.970,1, 0.3521409,0.044194,37407, SelfDown,
11-26-2022-11-58-15.869,1, 0.4531893,0.044194,37407, SelfDown,
11-26-2022-11-58-16.171,1, 0.2636677,0.04461,39168, SelfDown,
11-26-2022-11-58-16.373,1, 0.1762269,0.048111,72394, SelfUp,
11-26-2022-11-58-16.171,1, 0.3787331,0.048111,72394, SelfUp,
11-26-2022-11-58-16.475,1, 0.0750035,0.048111,72394, SelfUp,
11-26-2022-11-58-16.273,1, 0.2769119,0.048111,72394, SelfUp,
11-26-2022-11-58-16.273,1, 0.391254,0.045661,27727, SelfDown,
11-26-2022-11-58-16.071,1, 0.5949442,0.045661,27727, SelfDown,
11-26-2022-11-58-16.575,1, 0.0973365,0.045933,74700, SelfUp,
11-26-2022-11-58-16.677,1, 0.0323921,0.036212,75778, SelfUp,
11-26-2022-11-58-16.373,1, 0.3628967,0.042052,28137, SelfDown,
11-26-2022-11-58-16.475,1, 0.3343752,0.041322,28287, SelfDown,
11-26-2022-11-58-16.779,1, 0.0393299,0.038968,77315, SelfUp,
11-26-2022-11-58-16.879,1, 0.0359109,0.035924,80083, SelfUp,
11-26-2022-11-58-16.575,1, 0.4503388,0.039702,33697, SelfDown,
11-26-2022-11-58-16.677,1, 0.348819,0.039702,33697, SelfDown,
11-26-2022-11-58-16.979,1, 0.0579917,0.048499,81553, SelfUp,
11-26-2022-11-58-16.779,1, 0.272639,0.041499,35356, SelfDown,
11-26-2022-11-58-17.080,1, 0.0948868,0.047651,84515, SelfUp,
11-26-2022-11-58-17.179,1, 0.0409856,0.042979,85200, SelfUp,
11-26-2022-11-58-16.979,1, 0.2762522,0.043817,38033, SelfDown,
11-26-2022-11-58-17.279,1, 0.0309358,0.034426,86380, SelfUp,
11-26-2022-11-58-16.879,1, 0.444629,0.042591,39829, SelfDown,
11-26-2022-11-58-17.179,1, 0.2695379,0.041222,42411, SelfDown,
11-26-2022-11-58-17.080,1, 0.5557332,0.043747,44735, SelfDown,
11-26-2022-11-58-17.279,1, 0.4208721,0.042856,45610, SelfDown,
11-26-2022-11-58-17.380,1, 0.3204905,0.042856,45610, SelfDown,
11-26-2022-11-58-17.380,1, 0.3319947,0.035402,94041, SelfUp,
11-26-2022-11-58-17.480,1, 0.2638514,0.032756,98579, SelfUp,
11-26-2022-11-58-17.582,1, 0.1626291,0.032756,98579, SelfUp,
11-26-2022-11-58-17.682,1, 0.0623439,0.032756,98579, SelfUp,
11-26-2022-11-58-17.480,1, 0.2712906,0.040099,48011, SelfDown,
11-26-2022-11-58-17.782,1, 0.0413536,0.038839,98596, SelfUp,
11-26-2022-11-58-17.682,1, 0.2298792,0.039802,50541, SelfDown,
11-26-2022-11-58-17.782,1, 0.3561943,0.039802,35378, SelfDown,
11-26-2022-11-58-17.883,1, 0.3218799,0.038606,69031, SelfUp,
11-26-2022-11-58-17.984,1, 0.2210516,0.038606,69031, SelfUp,
11-26-2022-11-58-18.085,1, 0.1199766,0.038606,69031, SelfUp,
11-26-2022-11-58-18.185,1, 0.0335748,0.03797,69032, SelfUp,
11-26-2022-11-58-17.582,1, 0.6405412,0.038808,35637, SelfDown,
11-26-2022-11-58-18.285,1, 0.0397236,0.044136,69059, SelfUp,
11-26-2022-11-58-18.085,1, 0.2654876,0.041506,36121, SelfDown,
11-26-2022-11-58-17.984,1, 0.3665626,0.041506,36121, SelfDown,
11-26-2022-11-58-17.883,1, 0.4673909,0.041506,36121, SelfDown,
11-26-2022-11-58-18.386,1, 0.039123,0.040599,69093, SelfUp,
11-26-2022-11-58-18.185,1, 0.3300509,0.0415,36572, SelfDown,
11-26-2022-11-58-18.486,1, 0.0349985,0.03588,69124, SelfUp,
11-26-2022-11-58-18.586,1, 0.0373536,0.038094,69149, SelfUp,
11-26-2022-11-58-18.285,1, 0.3414614,0.040183,43593, SelfDown,
11-26-2022-11-58-18.486,1, 0.2841864,0.040315,45464, SelfDown,
11-26-2022-11-58-18.687,1, 0.092624,0.035935,69799, SelfUp,
11-26-2022-11-58-18.386,1, 0.4179224,0.039736,46443, SelfDown,
11-26-2022-11-58-18.787,1, 0.0398822,0.035653,70150, SelfUp,
11-26-2022-11-58-18.586,1, 0.4536873,0.038365,51325, SelfDown,
11-26-2022-11-58-18.687,1, 0.3534881,0.038365,51325, SelfDown,
11-26-2022-11-58-18.888,1, 0.1629612,0.03525,74988, SelfUp,
11-26-2022-11-58-18.989,1, 0.0622864,0.03525,74988, SelfUp,
11-26-2022-11-58-18.787,1, 0.3036429,0.037858,52772, SelfDown,
11-26-2022-11-58-19.089,1, 0.0335065,0.039317,76378, SelfUp,
11-26-2022-11-58-18.888,1, 0.3467936,0.038662,55082, SelfDown,
11-26-2022-11-58-18.989,1, 0.3237742,0.038605,55382, SelfDown,
11-26-2022-11-58-19.191,1, 0.1587189,0.046166,76829, SelfUp,
11-26-2022-11-58-19.292,1, 0.0574644,0.046166,76829, SelfUp,
11-26-2022-11-58-19.392,1, 0.0456164,0.041475,81788, SelfUp,
11-26-2022-11-58-19.089,1, 0.4489194,0.043747,58203, SelfDown,
11-26-2022-11-58-19.191,1, 0.3472352,0.043747,58203, SelfDown,
11-26-2022-11-58-19.493,1, 0.0459421,0.044409,81804, SelfUp,
11-26-2022-11-58-19.292,1, 0.3518961,0.044935,58204, SelfDown,
11-26-2022-11-58-19.594,1, 0.0524554,0.048808,81831, SelfUp,
11-26-2022-11-58-19.393,1, 0.4292106,0.04267,41042, SelfDown,
11-26-2022-11-58-19.493,1, 0.3578328,0.040772,41271, SelfDown,
11-26-2022-11-58-19.694,1, 0.3320772,0.049974,83131, SelfUp,
11-26-2022-11-58-19.594,1, 0.4385931,0.03931,41990, SelfDown,
11-26-2022-11-58-19.794,1, 0.2726932,0.047776,85599, SelfUp,
11-26-2022-11-58-19.895,1, 0.1724718,0.047776,85599, SelfUp,
11-26-2022-11-58-19.995,1, 0.071912,0.047776,85599, SelfUp,
11-26-2022-11-58-19.694,1, 0.3910344,0.039653,42169, SelfDown,
11-26-2022-11-58-20.095,1, 0.0402853,0.043092,89901, SelfUp,
11-26-2022-11-58-20.196,1, 0.0441495,0.042662,95093, SelfUp,
11-26-2022-11-58-19.895,1, 0.3761032,0.041284,49457, SelfDown,
11-26-2022-11-58-19.995,1, 0.3183929,0.041382,50593, SelfDown,
11-26-2022-11-58-19.794,1, 0.5448668,0.041924,50975, SelfDown,
11-26-2022-11-58-20.296,1, 0.0476422,0.039877,97465, SelfUp,
11-26-2022-11-58-20.095,1, 0.424814,0.04428,35683, SelfDown,
11-26-2022-11-58-20.196,1, 0.4091002,0.044796,35686, SelfDown,
11-26-2022-11-58-20.396,1, 0.3107763,0.044714,35688, SelfDown,
11-26-2022-11-58-20.296,1, 0.4241964,0.044714,35688, SelfDown,
11-26-2022-11-58-20.497,1, 0.3700695,0.044142,24984, SelfDown,
11-26-2022-11-58-20.597,1, 0.3344667,0.042641,24985, SelfDown,
11-26-2022-11-58-20.698,1, 0.3465643,0.041256,25437, SelfDown,
11-26-2022-11-58-20.396,1, 0.7570805,0.039877,23630, SelfUp,
11-26-2022-11-58-20.497,1, 0.6556911,0.039877,23630, SelfUp,
11-26-2022-11-58-20.698,1, 0.4550326,0.039877,23630, SelfUp,
11-26-2022-11-58-20.597,1, 0.5553488,0.039877,23630, SelfUp,
11-26-2022-11-58-20.798,1, 0.3547626,0.039877,23630, SelfUp,
11-26-2022-11-58-20.898,1, 0.2546793,0.039877,23630, SelfUp,
11-26-2022-11-58-20.999,1, 0.1539219,0.039877,23630, SelfUp,
11-26-2022-11-58-21.099,1, 0.0799147,0.038833,23667, SelfUp,
11-26-2022-11-58-21.199,1, 0.0379159,0.039413,47765, SelfUp,
11-26-2022-11-58-20.898,1, 0.4114144,0.04036,30089, SelfDown,
11-26-2022-11-58-20.798,1, 0.5114977,0.04036,30089, SelfDown,
11-26-2022-11-58-20.999,1, 0.362099,0.039897,31054, SelfDown,
11-26-2022-11-58-21.300,1, 0.0645203,0.033727,47797, SelfUp,
11-26-2022-11-58-21.400,1, 0.0803983,0.034471,47806, SelfUp,
11-26-2022-11-58-21.099,1, 0.3889766,0.038471,33630, SelfDown,
11-26-2022-11-58-21.199,1, 0.4301333,0.037092,36426, SelfDown,
11-26-2022-11-58-21.400,1, 0.3917813,0.036555,40121, SelfDown,
11-26-2022-11-58-21.602,1, 0.2283947,0.061171,47812, SelfUp,
11-26-2022-11-58-21.501,1, 0.3292402,0.061171,47812, SelfUp,
11-26-2022-11-58-21.703,1, 0.1283832,0.061171,47812, SelfUp,
11-26-2022-11-58-21.300,1, 0.5577271,0.039023,41567, SelfDown,
11-26-2022-11-58-21.804,1, 0.0856571,0.047744,47838, SelfUp,
11-26-2022-11-58-21.501,1, 0.4272364,0.040509,41568, SelfDown,
11-26-2022-11-58-21.904,1, 0.0716746,0.043599,47880, SelfUp,
11-26-2022-11-58-21.703,1, 0.3739712,0.044111,41931, SelfDown,
11-26-2022-11-58-21.602,1, 0.4745945,0.044111,41931, SelfDown,
11-26-2022-11-58-22.005,1, 0.0741497,0.045974,47957, SelfUp,
11-26-2022-11-58-22.105,1, 0.0675334,0.039582,50419, SelfUp,
11-26-2022-11-58-21.904,1, 0.2822781,0.041713,29585, SelfDown,
11-26-2022-11-58-22.206,1, 0.0330261,0.03231,55736, SelfUp,
11-26-2022-11-58-21.804,1, 0.4692985,0.038853,30021, SelfDown,
11-26-2022-11-58-22.310,1, 0.0598371,0.032089,58753, SelfUp,
11-26-2022-11-58-22.005,1, 0.4080086,0.038344,30350, SelfDown,
11-26-2022-11-58-22.411,1, 0.0300876,0.029557,63040, SelfUp,
11-26-2022-11-58-22.105,1, 0.3799293,0.037771,35934, SelfDown,
11-26-2022-11-58-22.511,1, 0.0316588,0.031612,63361, SelfUp,
11-26-2022-11-58-22.206,1, 0.3925647,0.037265,37845, SelfDown,
11-26-2022-11-58-22.613,1, 0.0307724,0.033197,65214, SelfUp,
11-26-2022-11-58-22.713,1, 0.0287891,0.031769,67040, SelfUp,
11-26-2022-11-58-22.310,1, 0.4513108,0.036596,41364, SelfDown,
11-26-2022-11-58-22.511,1, 0.3249512,0.038012,41673, SelfDown,
11-26-2022-11-58-22.411,1, 0.4248353,0.038012,41673, SelfDown,
11-26-2022-11-58-22.813,1, 0.0292774,0.03514,67438, SelfUp,
11-26-2022-11-58-22.914,1, 0.02827,0.031187,72395, SelfUp,
11-26-2022-11-58-23.014,1, 0.038812,0.029382,83679, SelfUp,
11-26-2022-11-58-22.713,1, 0.363567,0.034997,48034, SelfDown,
11-26-2022-11-58-23.116,1, 0.0322644,0.039607,83703, SelfUp,
11-26-2022-11-58-22.613,1, 0.6341367,0.037544,49641, SelfDown,
11-26-2022-11-58-22.813,1, 0.4338937,0.037544,49641, SelfDown,
11-26-2022-11-58-23.216,1, 0.0353753,0.0372,83733, SelfUp,
11-26-2022-11-58-23.317,1, 0.0146615,0.02596,90752, SelfUp,
11-26-2022-11-58-23.417,1, 0.048623,0.044091,98914, SelfUp,
11-26-2022-11-58-23.517,1, 0.0528465,0.051126,98931, SelfUp,
11-26-2022-11-58-23.014,1, 0.6001318,0.046534,52026, SelfDown,
11-26-2022-11-58-22.914,1, 0.7003135,0.046534,52026, SelfDown,
11-26-2022-11-58-23.617,1, 0.1839276,0.055545,69261, SelfUp,
11-26-2022-11-58-23.718,1, 0.0829585,0.055545,69261, SelfUp,
11-26-2022-11-58-23.818,1, 0.0386725,0.048961,69597, SelfUp,
11-26-2022-11-58-23.317,1, 0.5731413,0.042358,37335, SelfDown,
11-26-2022-11-58-23.417,1, 0.4730479,0.042358,37335, SelfDown,
11-26-2022-11-58-23.517,1, 0.3730093,0.042358,37335, SelfDown,
11-26-2022-11-58-23.216,1, 0.7388715,0.043528,37483, SelfDown,
11-26-2022-11-58-23.918,1, 0.0389558,0.048667,71992, SelfUp,
11-26-2022-11-58-24.018,1, 0.0443784,0.044273,74498, SelfUp,
11-26-2022-11-58-23.617,1, 0.4489087,0.043286,26350, SelfDown,
11-26-2022-11-58-23.116,1, 0.9494559,0.043286,26350, SelfDown,
11-26-2022-11-58-24.119,1, 0.0357402,0.038645,75863, SelfUp,
11-26-2022-11-58-23.818,1, 0.3387717,0.042695,26352, SelfDown,
11-26-2022-11-58-23.718,1, 0.4388792,0.042695,26352, SelfDown,
11-26-2022-11-58-24.219,1, 0.0419865,0.047748,77341, SelfUp,
11-26-2022-11-58-23.918,1, 0.391607,0.044928,26355, SelfDown,
11-26-2022-11-58-24.319,1, 0.0448042,0.043152,79160, SelfUp,
11-26-2022-11-58-24.018,1, 0.4129911,0.045604,26977, SelfDown,
11-26-2022-11-58-24.421,1, 0.0358634,0.036376,81068, SelfUp,
11-26-2022-11-58-24.119,1, 0.4130954,0.042837,29262, SelfDown,
11-26-2022-11-58-24.521,1, 0.0466041,0.03539,82793, SelfUp,
11-26-2022-11-58-24.621,1, 0.0317179,0.03653,83756, SelfUp,
11-26-2022-11-58-24.219,1, 0.4530425,0.039713,32913, SelfDown,
11-26-2022-11-58-24.319,1, 0.4200445,0.039789,33315, SelfDown,
11-26-2022-11-58-24.822,1, 0.0930108,0.036852,58902, SelfUp,
11-26-2022-11-58-24.721,1, 0.1934348,0.036852,58902, SelfUp,
11-26-2022-11-58-24.421,1, 0.5319067,0.043181,36611, SelfDown,
11-26-2022-11-58-24.521,1, 0.4318258,0.043181,36611, SelfDown,
11-26-2022-11-58-24.931,1, 0.0844332,0.04106,58912, SelfUp,
11-26-2022-11-58-25.034,1, 0.0356209,0.038338,58917, SelfUp,
11-26-2022-11-58-24.721,1, 0.5647977,0.041466,42795, SelfDown,
11-26-2022-11-58-24.822,1, 0.4643737,0.041466,42795, SelfDown,
11-26-2022-11-58-24.621,1, 0.748222,0.04142,43681, SelfDown,
11-26-2022-11-58-25.134,1, 0.3180634,0.041681,58982, SelfUp,
11-26-2022-11-58-25.234,1, 0.2568527,0.040091,59303, SelfUp,
11-26-2022-11-58-25.335,1, 0.1566388,0.040091,59303, SelfUp,
11-26-2022-11-58-25.435,1, 0.0561158,0.040091,59303, SelfUp,
11-26-2022-11-58-25.539,1, 0.0585184,0.038927,59717, SelfUp,
11-26-2022-11-58-24.931,1, 0.695091,0.039219,49117, SelfDown,
11-26-2022-11-58-25.034,1, 0.5921215,0.039219,49117, SelfDown,
11-26-2022-11-58-25.639,1, 0.0409725,0.047059,60445, SelfUp,
11-26-2022-11-58-25.234,1, 0.4691877,0.041858,49727, SelfDown,
11-26-2022-11-58-25.134,1, 0.6433388,0.040324,52068, SelfDown,
11-26-2022-11-58-25.335,1, 0.4426286,0.040324,52068, SelfDown,
11-26-2022-11-58-25.740,1, 0.1075256,0.040458,66803, SelfUp,
11-26-2022-11-58-25.840,1, 0.0454112,0.041146,66804, SelfUp,
11-26-2022-11-58-25.944,1, 0.0351439,0.040292,69383, SelfUp,
11-26-2022-11-58-25.539,1, 0.4519238,0.040764,55596, SelfDown,
11-26-2022-11-58-25.435,1, 0.565667,0.040764,55596, SelfDown,
11-26-2022-11-58-26.046,1, 0.071724,0.041367,71136, SelfUp,
11-26-2022-11-58-25.740,1, 0.4228273,0.039554,58628, SelfDown,
11-26-2022-11-58-26.147,1, 0.0728421,0.039897,72799, SelfUp,
11-26-2022-11-58-25.944,1, 0.336385,0.039237,61956, SelfDown,
11-26-2022-11-58-26.247,1, 0.093225,0.0431,75487, SelfUp,
11-26-2022-11-58-25.840,1, 0.5207022,0.039445,62597, SelfDown,
11-26-2022-11-58-26.046,1, 0.3516335,0.038841,64867, SelfDown,
11-26-2022-11-58-26.147,1, 0.2511328,0.038841,64867, SelfDown,
11-26-2022-11-58-26.353,1, 0.1656103,0.04012,79913, SelfUp,
11-26-2022-11-58-26.453,1, 0.0651518,0.04012,79913, SelfUp,
11-26-2022-11-58-25.639,1, 0.9461038,0.03853,65520, SelfDown,
11-26-2022-11-58-26.554,1, 0.0345818,0.036652,82512, SelfUp,
11-26-2022-11-58-26.655,1, 0.0344078,0.037589,83522, SelfUp,
11-26-2022-11-58-26.353,1, 0.3697459,0.039168,65520, SelfDown,
11-26-2022-11-58-26.755,1, 0.0428479,0.041287,86016, SelfUp,
11-26-2022-11-58-26.247,1, 0.6529869,0.041035,65520, SelfDown,
11-26-2022-11-58-26.554,1, 0.3493856,0.041035,65520, SelfDown,
11-26-2022-11-58-26.453,1, 0.4698209,0.041035,65520, SelfDown,
11-26-2022-11-58-26.857,1, 0.07528,0.042129,86025, SelfUp,
11-26-2022-11-58-26.655,1, 0.3888472,0.042789,65520, SelfDown,
11-26-2022-11-58-26.857,1, 0.3000103,0.044328,65520, SelfDown,
11-26-2022-11-58-26.755,1, 0.4017791,0.044328,65520, SelfDown,
11-26-2022-11-58-26.958,1, 0.3265361,0.044957,88443, SelfUp,
11-26-2022-11-58-27.058,1, 0.2687008,0.044972,88444, SelfUp,
11-26-2022-11-58-27.158,1, 0.1686995,0.044972,88444, SelfUp,
11-26-2022-11-58-27.260,1, 0.0673323,0.044972,88444, SelfUp,
11-26-2022-11-58-27.360,1, 0.0498224,0.048099,88462, SelfUp,
11-26-2022-11-58-26.958,1, 0.5133871,0.049431,65520, SelfDown,
11-26-2022-11-58-27.058,1, 0.4129028,0.049431,65520, SelfDown,
11-26-2022-11-58-27.460,1, 0.0324333,0.034496,103096, SelfUp,
11-26-2022-11-58-27.560,1, 0.0720268,0.038301,103323, SelfUp,
11-26-2022-11-58-27.661,1, 0.0373225,0.037598,103333, SelfUp,
11-26-2022-11-58-27.360,1, 0.346701,0.042893,65520, SelfDown,
11-26-2022-11-58-27.460,1, 0.2458921,0.042893,65520, SelfDown,
11-26-2022-11-58-27.260,1, 0.5360543,0.042893,45864, SelfDown,
11-26-2022-11-58-27.158,1, 0.6374215,0.042893,45864, SelfDown,
11-26-2022-11-58-27.761,1, 0.0421779,0.044887,103347, SelfUp,
11-26-2022-11-58-27.560,1, 0.3748328,0.0437,45956, SelfDown,
11-26-2022-11-58-27.661,1, 0.2911252,0.0437,45956, SelfDown,
11-26-2022-11-58-27.861,1, 0.2663419,0.042183,103355, SelfUp,
11-26-2022-11-58-27.966,1, 0.1622582,0.042183,103355, SelfUp,
11-26-2022-11-58-28.066,1, 0.0613747,0.042183,103355, SelfUp,
11-26-2022-11-58-28.167,1, 0.0764433,0.041683,113078, SelfUp,
11-26-2022-11-58-27.761,1, 0.4882254,0.04136,32174, SelfDown,
11-26-2022-11-58-28.268,1, 0.0357175,0.039674,113089, SelfUp,
11-26-2022-11-58-27.966,1, 0.5043875,0.038598,34668, SelfDown,
11-26-2022-11-58-27.861,1, 0.6084712,0.038598,34668, SelfDown,
11-26-2022-11-58-28.066,1, 0.403504,0.038598,34668, SelfDown,
11-26-2022-11-58-28.167,1, 0.3441144,0.038435,36622, SelfDown,
11-26-2022-11-58-28.368,1, 0.3053741,0.040392,119690, SelfUp,
11-26-2022-11-58-28.268,1, 0.4268697,0.039076,38115, SelfDown,
11-26-2022-11-58-28.368,1, 0.3266357,0.039076,38115, SelfDown,
11-26-2022-11-58-28.469,1, 0.2365789,0.038264,119692, SelfUp,
11-26-2022-11-58-28.670,1, 0.0355422,0.038264,119692, SelfUp,
11-26-2022-11-58-28.570,1, 0.1360495,0.038264,119692, SelfUp,
11-26-2022-11-58-28.770,1, 0.0454969,0.033371,137388, SelfUp,
11-26-2022-11-58-28.469,1, 0.3978652,0.037996,42839, SelfDown,
11-26-2022-11-58-28.870,1, 0.0508137,0.044269,137418, SelfUp,
11-26-2022-11-58-28.670,1, 0.3015763,0.040887,43329, SelfDown,
11-26-2022-11-58-28.971,1, 0.0618898,0.042986,137423, SelfUp,
11-26-2022-11-58-29.073,1, 0.0313165,0.031252,144795, SelfUp,
11-26-2022-11-58-28.570,1, 0.6917154,0.039503,30332, SelfDown,
11-26-2022-11-58-28.770,1, 0.4914947,0.039503,30332, SelfDown,
11-26-2022-11-58-28.971,1, 0.3645099,0.041387,30592, SelfDown,
11-26-2022-11-58-29.073,1, 0.3150324,0.041387,30592, SelfDown,
11-26-2022-11-58-28.870,1, 0.5181343,0.041387,30592, SelfDown,
11-26-2022-11-58-29.176,1, 0.4001624,0.045325,144799, SelfUp,
11-26-2022-11-58-29.176,1, 0.4215268,0.039715,35583, SelfDown,
11-26-2022-11-58-29.376,1, 0.234942,0.042743,144801, SelfUp,
11-26-2022-11-58-29.276,1, 0.3350391,0.042743,144801, SelfUp,
11-26-2022-11-58-29.477,1, 0.1341549,0.042743,144801, SelfUp,
11-26-2022-11-58-29.578,1, 0.0370764,0.036335,144818, SelfUp,
11-26-2022-11-58-29.276,1, 0.4161645,0.040368,36864, SelfDown,
11-26-2022-11-58-29.679,1, 0.0859778,0.037404,144848, SelfUp,
11-26-2022-11-58-29.778,1, 0.0437664,0.03741,144860, SelfUp,
11-26-2022-11-58-29.578,1, 0.4512494,0.041079,27539, SelfDown,
11-26-2022-11-58-29.477,1, 0.5521185,0.041079,27539, SelfDown,
11-26-2022-11-58-29.679,1, 0.4471071,0.041079,27539, SelfDown,
11-26-2022-11-58-29.376,1, 0.7495998,0.041079,27539, SelfDown,
11-26-2022-11-58-29.778,1, 0.4129693,0.041079,27539, SelfDown,
11-26-2022-11-58-29.980,1, 0.2789696,0.041463,101473, SelfUp,
11-26-2022-11-58-30.080,1, 0.1780588,0.041463,101473, SelfUp,
11-26-2022-11-58-30.181,1, 0.077842,0.041463,101473, SelfUp,
11-26-2022-11-58-29.879,1, 0.3799768,0.041463,101473, SelfUp,
11-26-2022-11-58-30.281,1, 0.0265259,0.030012,102391, SelfUp,
11-26-2022-11-58-30.383,1, 0.0467059,0.043162,104685, SelfUp,
11-26-2022-11-58-30.483,1, 0.0598195,0.04532,105792, SelfUp,
11-26-2022-11-58-29.879,1, 0.6943281,0.04514,13900, SelfDown,
11-26-2022-11-58-30.181,1, 0.3921933,0.04514,13900, SelfDown,
11-26-2022-11-58-29.980,1, 0.5933209,0.04514,13900, SelfDown,
11-26-2022-11-58-30.080,1, 0.4924101,0.04514,13900, SelfDown,
11-26-2022-11-58-30.281,1, 0.2917168,0.04514,13900, SelfDown,
11-26-2022-11-58-30.583,1, 0.0367247,0.03756,108410, SelfUp,
11-26-2022-11-58-30.684,1, 0.0275068,0.03711,108903, SelfUp,
11-26-2022-11-58-30.383,1, 0.3644135,0.037664,13908, SelfDown,
11-26-2022-11-58-30.483,1, 0.2642652,0.037664,13908, SelfDown,
11-26-2022-11-58-30.785,1, 0.0328867,0.031526,112199, SelfUp,
11-26-2022-11-58-30.583,1, 0.3265792,0.036099,13912, SelfDown,
11-26-2022-11-58-30.684,1, 0.2261111,0.036099,13912, SelfDown,
11-26-2022-11-58-30.885,1, 0.0638355,0.031775,112667, SelfUp,
11-26-2022-11-58-30.987,1, 0.0327622,0.031317,115662, SelfUp,
11-26-2022-11-58-31.088,1, 0.0379231,0.031452,117191, SelfUp,
11-26-2022-11-58-30.785,1, 0.3795548,0.034158,13920, SelfDown,
11-26-2022-11-58-30.885,1, 0.2798278,0.034158,13920, SelfDown,
11-26-2022-11-58-31.189,1, 0.0291088,0.03464,120541, SelfUp,
11-26-2022-11-58-30.987,1, 0.2406004,0.033944,15859, SelfDown,
11-26-2022-11-58-31.088,1, 0.1748905,0.034211,16680, SelfDown,
11-26-2022-11-58-31.295,1, 0.0394343,0.033155,120849, SelfUp,
11-26-2022-11-58-31.398,1, 0.0732846,0.031537,122786, SelfUp,
11-26-2022-11-58-31.189,1, 0.3228573,0.035465,19801, SelfDown,
11-26-2022-11-58-31.498,1, 0.0790499,0.032558,123569, SelfUp,
11-26-2022-11-58-31.598,1, 0.0402245,0.034454,123768, SelfUp,
11-26-2022-11-58-31.498,1, 0.2082623,0.040955,22272, SelfDown,
11-26-2022-11-58-31.698,1, 0.0356811,0.041395,124875, SelfUp,
11-26-2022-11-58-31.398,1, 0.3500612,0.041325,22274, SelfDown,
11-26-2022-11-58-31.799,1, 0.0234493,0.02744,142251, SelfUp,
11-26-2022-11-58-31.598,1, 0.2641226,0.035683,27446, SelfDown,
11-26-2022-11-58-31.698,1, 0.2278118,0.0352,29327, SelfDown,
11-26-2022-11-58-31.899,1, 0.0364894,0.031368,143425, SelfUp,
11-26-2022-11-58-31.999,1, 0.0384195,0.037558,143460, SelfUp,
11-26-2022-11-58-31.295,1, 0.7668041,0.036389,30866, SelfDown,
11-26-2022-11-58-32.099,1, 0.0372967,0.042226,143485, SelfUp,
11-26-2022-11-58-31.799,1, 0.352694,0.038347,31140, SelfDown,
11-26-2022-11-58-32.200,1, 0.0523721,0.045611,143514, SelfUp,
11-26-2022-11-58-32.300,1, 0.039394,0.03976,143543, SelfUp,
11-26-2022-11-58-32.099,1, 0.3350856,0.043507,31146, SelfDown,
11-26-2022-11-58-31.999,1, 0.4738152,0.043773,32637, SelfDown,
11-26-2022-11-58-32.401,1, 0.080954,0.042979,143555, SelfUp,
11-26-2022-11-58-32.200,1, 0.3128632,0.042458,34421, SelfDown,
11-26-2022-11-58-32.501,1, 0.0350749,0.038501,143564, SelfUp,
11-26-2022-11-58-32.300,1, 0.2979598,0.04071,36731, SelfDown,
11-26-2022-11-58-32.602,1, 0.0738048,0.038116,145135, SelfUp,
11-26-2022-11-58-32.401,1, 0.3350936,0.039968,38318, SelfDown,
11-26-2022-11-58-31.899,1, 0.8376127,0.039968,38318, SelfDown,
11-26-2022-11-58-32.702,1, 0.0697381,0.036529,149461, SelfUp,
11-26-2022-11-58-32.502,1, 0.3286886,0.038996,42130, SelfDown,
11-26-2022-11-58-32.802,1, 0.040808,0.037288,153809, SelfUp,
11-26-2022-11-58-32.902,1, 0.0520636,0.045949,153840, SelfUp,
11-26-2022-11-58-33.004,1, 0.0390218,0.049386,153863, SelfUp,
11-26-2022-11-58-33.104,1, 0.0353101,0.037372,155732, SelfUp,
11-26-2022-11-58-32.602,1, 0.5453231,0.042103,44897, SelfDown,
11-26-2022-11-58-32.702,1, 0.4448045,0.042103,44897, SelfDown,
11-26-2022-11-58-32.802,1, 0.4531567,0.040981,47658, SelfDown,
11-26-2022-11-58-32.902,1, 0.3530048,0.040981,47658, SelfDown,
11-26-2022-11-58-33.206,1, 0.1700295,0.035017,162996, SelfUp,
11-26-2022-11-58-33.306,1, 0.0700622,0.035017,162996, SelfUp,
11-26-2022-11-58-33.406,1, 0.0427062,0.036127,166303, SelfUp,
11-26-2022-11-58-33.004,1, 0.4966792,0.041858,52054, SelfDown,
11-26-2022-11-58-33.507,1, 0.0658214,0.03521,166941, SelfUp,
11-26-2022-11-58-33.104,1, 0.5086198,0.03982,55536, SelfDown,
11-26-2022-11-58-33.206,1, 0.4071623,0.03982,55536, SelfDown,
11-26-2022-11-58-33.607,1, 0.0452266,0.042431,166956, SelfUp,
11-26-2022-11-58-33.306,1, 0.4013446,0.041935,56015, SelfDown,
11-26-2022-11-58-33.406,1, 0.3551995,0.041935,56015, SelfDown,
11-26-2022-11-58-33.707,1, 0.0673068,0.048892,116886, SelfUp,
11-26-2022-11-58-33.507,1, 0.3317638,0.04362,39339, SelfDown,
11-26-2022-11-58-33.607,1, 0.2313779,0.04362,39339, SelfDown,
11-26-2022-11-58-33.808,1, 0.0467153,0.045732,118769, SelfUp,
11-26-2022-11-58-33.908,1, 0.0755378,0.048584,120164, SelfUp,
11-26-2022-11-58-33.707,1, 0.3084528,0.042631,27720, SelfDown,
11-26-2022-11-58-34.008,1, 0.0479969,0.04804,121913, SelfUp,
11-26-2022-11-58-33.908,1, 0.2684571,0.047415,27725, SelfDown,
11-26-2022-11-58-33.808,1, 0.4623658,0.04259,28695, SelfDown,
11-26-2022-11-58-34.108,1, 0.2655639,0.046874,123625, SelfUp,
11-26-2022-11-58-34.209,1, 0.164389,0.046874,123625, SelfUp,
11-26-2022-11-58-34.313,1, 0.060034,0.046874,123625, SelfUp,
11-26-2022-11-58-34.008,1, 0.3738609,0.040157,30633, SelfDown,
11-26-2022-11-58-34.108,1, 0.4087053,0.044834,31758, SelfDown,
11-26-2022-11-58-34.414,1, 0.1268236,0.039456,130318, SelfUp,
11-26-2022-11-58-34.514,1, 0.0727244,0.043834,130608, SelfUp,
11-26-2022-11-58-34.617,1, 0.0490325,0.045512,133626, SelfUp,
11-26-2022-11-58-34.313,1, 0.4244572,0.043764,35704, SelfDown,
11-26-2022-11-58-34.209,1, 0.5288122,0.043764,35704, SelfDown,
11-26-2022-11-58-34.718,1, 0.0470877,0.042542,136366, SelfUp,
11-26-2022-11-58-34.514,1, 0.2971962,0.042541,37340, SelfDown,
11-26-2022-11-58-34.414,1, 0.3972366,0.042541,37340, SelfDown,
11-26-2022-11-58-34.819,1, 0.0345605,0.036243,137806, SelfUp,
11-26-2022-11-58-34.617,1, 0.3013799,0.040726,40292, SelfDown,
11-26-2022-11-58-34.919,1, 0.0421147,0.035616,140314, SelfUp,
11-26-2022-11-58-34.718,1, 0.3288185,0.04053,41753, SelfDown,
11-26-2022-11-58-34.819,1, 0.3626788,0.040858,44569, SelfDown,
11-26-2022-11-58-35.119,1, 0.2278328,0.035616,98219, SelfUp,
11-26-2022-11-58-35.019,1, 0.328151,0.035616,98219, SelfUp,
11-26-2022-11-58-35.219,1, 0.1276151,0.035616,98219, SelfUp,
11-26-2022-11-58-34.919,1, 0.4283427,0.039932,46914, SelfDown,
11-26-2022-11-58-35.320,1, 0.0369635,0.035827,98220, SelfUp,
11-26-2022-11-58-35.420,1, 0.0533575,0.043003,98249, SelfUp,
11-26-2022-11-58-35.119,1, 0.3996625,0.042704,49527, SelfDown,
11-26-2022-11-58-35.019,1, 0.4999807,0.042704,49527, SelfDown,
11-26-2022-11-58-35.521,1, 0.0393919,0.040675,98271, SelfUp,
11-26-2022-11-58-35.623,1, 0.0787802,0.041425,98300, SelfUp,
11-26-2022-11-58-35.320,1, 0.4090238,0.042683,51935, SelfDown,
11-26-2022-11-58-35.219,1, 0.5095096,0.042683,51935, SelfDown,
11-26-2022-11-58-35.420,1, 0.3089886,0.042683,51935, SelfDown,
11-26-2022-11-58-35.724,1, 0.0313715,0.040466,98307, SelfUp,
11-26-2022-11-58-35.521,1, 0.3065194,0.039968,55731, SelfDown,
11-26-2022-11-58-35.824,1, 0.0319996,0.037785,98522, SelfUp,
11-26-2022-11-58-35.623,1, 0.4709176,0.043041,58093, SelfDown,
11-26-2022-11-58-35.724,1, 0.370137,0.043041,58093, SelfDown,
11-26-2022-11-58-35.924,1, 0.372831,0.042648,99952, SelfUp,
11-26-2022-11-58-36.025,1, 0.3276672,0.042648,99952, SelfUp,
11-26-2022-11-58-36.226,1, 0.1269549,0.042648,99952, SelfUp,
11-26-2022-11-58-36.126,1, 0.2273042,0.042648,99952, SelfUp,
11-26-2022-11-58-35.824,1, 0.6207937,0.042072,64547, SelfDown,
11-26-2022-11-58-35.924,1, 0.5207051,0.042072,64547, SelfDown,
11-26-2022-11-58-36.025,1, 0.448016,0.040108,65520, SelfDown,
11-26-2022-11-58-36.430,1, 0.064091,0.0451,100463, SelfUp,
11-26-2022-11-58-36.326,1, 0.1679782,0.0451,100463, SelfUp,
11-26-2022-11-58-36.126,1, 0.3866561,0.041538,65520, SelfDown,
11-26-2022-11-58-36.530,1, 0.0953326,0.045874,102349, SelfUp,
11-26-2022-11-58-36.631,1, 0.0388307,0.036932,103592, SelfUp,
11-26-2022-11-58-36.326,1, 0.4265767,0.042897,65520, SelfDown,
11-26-2022-11-58-36.226,1, 0.5269045,0.042897,65520, SelfDown,
11-26-2022-11-58-36.731,1, 0.0427143,0.046103,105466, SelfUp,
11-26-2022-11-58-36.834,1, 0.038366,0.040077,107040, SelfUp,
11-26-2022-11-58-36.530,1, 0.4958992,0.044811,65520, SelfDown,
11-26-2022-11-58-36.430,1, 0.5959882,0.044811,65520, SelfDown,
11-26-2022-11-58-36.631,1, 0.395448,0.044811,65520, SelfDown,
11-26-2022-11-58-36.731,1, 0.3594002,0.043536,65520, SelfDown,
11-26-2022-11-58-37.139,1, 0.0660708,0.04492,108712, SelfUp,
11-26-2022-11-58-36.934,1, 0.270952,0.04492,108712, SelfUp,
11-26-2022-11-58-37.036,1, 0.1687795,0.04492,108712, SelfUp,
11-26-2022-11-58-37.239,1, 0.0473598,0.044338,110376, SelfUp,
11-26-2022-11-58-36.934,1, 0.4963779,0.042554,65520, SelfDown,
11-26-2022-11-58-37.341,1, 0.104769,0.037726,122425, SelfUp,
11-26-2022-11-58-36.834,1, 0.6336123,0.041859,65520, SelfDown,
11-26-2022-11-58-37.037,1, 0.4314551,0.041859,65520, SelfDown,
11-26-2022-11-58-37.441,1, 0.0352723,0.037408,123641, SelfUp,
11-26-2022-11-58-37.541,1, 0.0387893,0.04197,130191, SelfUp,
11-26-2022-11-58-37.139,1, 0.4737429,0.040063,65520, SelfDown,
11-26-2022-11-58-37.641,1, 0.0552508,0.045973,130204, SelfUp,
11-26-2022-11-58-37.239,1, 0.5185791,0.041187,65520, SelfDown,
11-26-2022-11-58-37.742,1, 0.0429992,0.041683,130218, SelfUp,
11-26-2022-11-58-37.842,1, 0.036065,0.045278,130235, SelfUp,
11-26-2022-11-58-37.341,1, 0.5761774,0.042357,46041, SelfDown,
11-26-2022-11-58-37.541,1, 0.4275917,0.041105,46165, SelfDown,
11-26-2022-11-58-37.943,1, 0.0659658,0.041987,130238, SelfUp,
11-26-2022-11-58-37.441,1, 0.6213067,0.039968,46577, SelfDown,
11-26-2022-11-58-38.043,1, 0.0292032,0.029896,147282, SelfUp,
11-26-2022-11-58-37.742,1, 0.4897584,0.038762,47234, SelfDown,
11-26-2022-11-58-37.943,1, 0.2885167,0.038762,47234, SelfDown,
11-26-2022-11-58-37.842,1, 0.3890752,0.038762,47234, SelfDown,
11-26-2022-11-58-38.144,1, 0.0926797,0.047882,103114, SelfUp,
11-26-2022-11-58-38.244,1, 0.037999,0.046668,103204, SelfUp,
11-26-2022-11-58-37.641,1, 0.7207009,0.03918,33064, SelfDown,
11-26-2022-11-58-38.345,1, 0.0409999,0.040969,105913, SelfUp,
11-26-2022-11-58-38.446,1, 0.0415205,0.044479,107419, SelfUp,
11-26-2022-11-58-38.043,1, 0.458862,0.042593,33068, SelfDown,
11-26-2022-11-58-38.244,1, 0.4321086,0.047051,33075, SelfDown,
11-26-2022-11-58-38.547,1, 0.1541621,0.045803,111382, SelfUp,
11-26-2022-11-58-38.649,1, 0.0517548,0.045803,111382, SelfUp,
11-26-2022-11-58-38.749,1, 0.0400636,0.037472,113757, SelfUp,
11-26-2022-11-58-38.849,1, 0.0371614,0.036099,115383, SelfUp,
11-26-2022-11-58-38.144,1, 0.7820805,0.045311,37817, SelfDown,
11-26-2022-11-58-38.345,1, 0.5806086,0.045311,37817, SelfDown,
11-26-2022-11-58-38.950,1, 0.0435909,0.048767,117675, SelfUp,
11-26-2022-11-58-38.649,1, 0.4206004,0.04665,38806, SelfDown,
11-26-2022-11-58-39.050,1, 0.0711886,0.044164,118153, SelfUp,
11-26-2022-11-58-38.547,1, 0.6032334,0.045092,40755, SelfDown,
11-26-2022-11-58-38.446,1, 0.7041209,0.045092,40755, SelfDown,
11-26-2022-11-58-39.151,1, 0.0821334,0.036296,119656, SelfUp,
11-26-2022-11-58-38.849,1, 0.3916331,0.043437,42846, SelfDown,
11-26-2022-11-58-39.253,1, 0.035524,0.036098,121119, SelfUp,
11-26-2022-11-58-38.749,1, 0.64732,0.042505,46410, SelfDown,
11-26-2022-11-58-39.353,1, 0.0769248,0.038816,122645, SelfUp,
11-26-2022-11-58-38.950,1, 0.4965155,0.042747,47190, SelfDown,
11-26-2022-11-58-39.454,1, 0.0368554,0.038017,123443, SelfUp,
11-26-2022-11-58-39.050,1, 0.4687394,0.041579,48553, SelfDown,
11-26-2022-11-58-39.151,1, 0.4579539,0.041151,50325, SelfDown,
11-26-2022-11-58-39.555,1, 0.0921439,0.037203,128091, SelfUp,
11-26-2022-11-58-39.353,1, 0.3970388,0.040735,52677, SelfDown,
11-26-2022-11-58-39.655,1, 0.1206767,0.036877,130192, SelfUp,
11-26-2022-11-58-39.454,1, 0.3504734,0.043641,53175, SelfDown,
11-26-2022-11-58-39.253,1, 0.5514569,0.043641,53175, SelfDown,
11-26-2022-11-58-39.755,1, 0.0606034,0.039863,130268, SelfUp,
11-26-2022-11-58-39.856,1, 0.0517724,0.042852,131367, SelfUp,
11-26-2022-11-58-39.957,1, 0.0362329,0.049402,132899, SelfUp,
11-26-2022-11-58-39.555,1, 0.4687506,0.047525,53455, SelfDown,
11-26-2022-11-58-40.057,1, 0.0432098,0.039402,134635, SelfUp,
11-26-2022-11-58-39.856,1, 0.3478373,0.044625,58214, SelfDown,
11-26-2022-11-58-39.755,1, 0.6315936,0.046492,58621, SelfDown,
11-26-2022-11-58-39.655,1, 0.8488309,0.043683,63812, SelfDown,
11-26-2022-11-58-40.057,1, 0.5721714,0.043515,65599, SelfDown,
11-26-2022-11-58-40.158,1, 0.4717643,0.043515,65599, SelfDown,
11-26-2022-11-58-39.957,1, 0.6722588,0.043515,65599, SelfDown,
11-26-2022-11-58-40.264,1, 0.5483489,0.042369,69701, SelfDown,
11-26-2022-11-58-40.364,1, 0.4479179,0.042369,69701, SelfDown,
11-26-2022-11-58-40.158,1, 0.8041039,0.050613,135743, SelfUp,
11-26-2022-11-58-40.264,1, 0.7422396,0.046851,136419, SelfUp,
11-26-2022-11-58-40.364,1, 0.6418086,0.046851,136419, SelfUp,
11-26-2022-11-58-40.564,1, 0.4414289,0.046851,136419, SelfUp,
11-26-2022-11-58-40.464,1, 0.5417235,0.046851,136419, SelfUp,
11-26-2022-11-58-40.665,1, 0.3413124,0.046851,136419, SelfUp,
11-26-2022-11-58-40.865,1, 0.1403349,0.046851,136419, SelfUp,
11-26-2022-11-58-40.765,1, 0.2410429,0.046851,136419, SelfUp,
11-26-2022-11-58-40.966,1, 0.1757412,0.043652,149232, SelfUp,
11-26-2022-11-58-41.067,1, 0.0742304,0.043652,149232, SelfUp,
11-26-2022-11-58-40.564,1, 0.6496732,0.044569,73552, SelfDown,
11-26-2022-11-58-40.665,1, 0.5495567,0.044569,73552, SelfDown,
11-26-2022-11-58-41.167,1, 0.1003109,0.046953,107100, SelfUp,
11-26-2022-11-58-41.267,1, 0.03858,0.045914,107208, SelfUp,
11-26-2022-11-58-41.369,1, 0.0407598,0.0413,109637, SelfUp,
11-26-2022-11-58-40.765,1, 0.6737571,0.044829,51926, SelfDown,
11-26-2022-11-58-40.464,1, 0.9744377,0.044829,51926, SelfDown,
11-26-2022-11-58-41.470,1, 0.0485227,0.044489,111476, SelfUp,
11-26-2022-11-58-41.067,1, 0.4681121,0.045028,52251, SelfDown,
11-26-2022-11-58-40.966,1, 0.5696229,0.045028,52251, SelfDown,
11-26-2022-11-58-40.865,1, 0.7118489,0.044133,52434, SelfDown,
11-26-2022-11-58-41.570,1, 0.0306423,0.038232,112930, SelfUp,
11-26-2022-11-58-41.167,1, 0.5392263,0.04243,53192, SelfDown,
11-26-2022-11-58-41.671,1, 0.0451111,0.037209,116240, SelfUp,
11-26-2022-11-58-41.773,1, 0.0850536,0.044704,116906, SelfUp,
11-26-2022-11-58-41.873,1, 0.0510942,0.044937,117747, SelfUp,
11-26-2022-11-58-41.974,1, 0.0297573,0.037442,120434, SelfUp,
11-26-2022-11-58-42.074,1, 0.041645,0.045771,123965, SelfUp,
11-26-2022-11-58-41.470,1, 0.6754465,0.047624,55072, SelfDown,
11-26-2022-11-58-41.369,1, 0.957462,0.048917,56450, SelfDown,
11-26-2022-11-58-41.570,1, 0.756741,0.048917,56450, SelfDown,
11-26-2022-11-58-41.268,1, 1.0592475,0.048917,56450, SelfDown,
11-26-2022-11-58-41.773,1, 0.6853612,0.047318,68619, SelfDown,
11-26-2022-11-58-42.174,1, 0.3615342,0.045771,86775, SelfUp,
11-26-2022-11-58-42.375,1, 0.1610034,0.045771,86775, SelfUp,
11-26-2022-11-58-42.476,1, 0.0603995,0.045771,86775, SelfUp,
11-26-2022-11-58-42.275,1, 0.2611278,0.045771,86775, SelfUp,
11-26-2022-11-58-41.873,1, 0.6814227,0.048387,69600, SelfDown,
11-26-2022-11-58-41.671,1, 0.9531748,0.048728,71138, SelfDown,
11-26-2022-11-58-41.974,1, 0.6505862,0.048728,71138, SelfDown,
11-26-2022-11-58-42.074,1, 0.5505492,0.048728,71138, SelfDown,
11-26-2022-11-58-42.174,1, 0.450343,0.048728,71138, SelfDown,
11-26-2022-11-58-42.576,1, 0.089753,0.042522,86786, SelfUp,
11-26-2022-11-58-42.676,1, 0.0401048,0.038627,86806, SelfUp,
11-26-2022-11-58-42.275,1, 0.4700368,0.045777,73994, SelfDown,
11-26-2022-11-58-42.777,1, 0.1122575,0.044395,86830, SelfUp,
11-26-2022-11-58-42.877,1, 0.0568701,0.045923,86831, SelfUp,
11-26-2022-11-58-42.375,1, 0.6243931,0.047968,76647, SelfDown,
11-26-2022-11-58-42.977,1, 0.0466379,0.047357,87093, SelfUp,
11-26-2022-11-58-42.476,1, 0.5511714,0.048143,76934, SelfDown,
11-26-2022-11-58-42.576,1, 0.4508475,0.048143,76934, SelfDown,
11-26-2022-11-58-42.676,1, 0.4976029,0.046638,79687, SelfDown,
11-26-2022-11-58-42.777,1, 0.5219533,0.04551,81718, SelfDown,
11-26-2022-11-58-42.877,1, 0.430376,0.04551,81718, SelfDown,
11-26-2022-11-58-42.977,1, 0.5587103,0.045856,83712, SelfDown,
11-26-2022-11-58-43.078,1, 0.4656842,0.036656,61128, SelfUp,
11-26-2022-11-58-43.279,1, 0.2646104,0.036656,61128, SelfUp,
11-26-2022-11-58-43.486,1, 0.058137,0.036656,61128, SelfUp,
11-26-2022-11-58-43.179,1, 0.3652111,0.036656,61128, SelfUp,
11-26-2022-11-58-43.385,1, 0.1588356,0.036656,61128, SelfUp,
11-26-2022-11-58-43.078,1, 0.505424,0.045045,83712, SelfDown,
11-26-2022-11-58-43.179,1, 0.4831106,0.043389,83712, SelfDown,
11-26-2022-11-58-43.279,1, 0.3830154,0.043389,83712, SelfDown,
11-26-2022-11-58-43.586,1, 0.092058,0.039545,61146, SelfUp,
11-26-2022-11-58-43.686,1, 0.0824665,0.041132,61148, SelfUp,
11-26-2022-11-58-43.786,1, 0.0508574,0.03473,61165, SelfUp,
11-26-2022-11-58-43.386,1, 0.471464,0.043778,83712, SelfDown,
11-26-2022-11-58-43.486,1, 0.4975846,0.047204,83712, SelfDown,
11-26-2022-11-58-43.887,1, 0.142441,0.04077,42824, SelfUp,
11-26-2022-11-58-43.987,1, 0.0875322,0.045656,42830, SelfUp,
11-26-2022-11-58-44.087,1, 0.0378095,0.040287,42839, SelfUp,
11-26-2022-11-58-43.686,1, 0.4523698,0.047973,83712, SelfDown,
11-26-2022-11-58-43.586,1, 0.5727442,0.047973,83712, SelfDown,
11-26-2022-11-58-44.188,1, 0.0811238,0.037236,42855, SelfUp,
11-26-2022-11-58-44.289,1, 0.0506748,0.035318,42873, SelfUp,
11-26-2022-11-58-43.887,1, 0.4679162,0.043213,83712, SelfDown,
11-26-2022-11-58-43.786,1, 0.586323,0.043213,83712, SelfDown,
11-26-2022-11-58-43.987,1, 0.4409931,0.042531,83712, SelfDown,
11-26-2022-11-58-44.087,1, 0.3409046,0.042531,83712, SelfDown,
11-26-2022-11-58-44.390,1, 0.0387365,0.038614,43814, SelfUp,
11-26-2022-11-58-44.490,1, 0.043921,0.038732,45676, SelfUp,
11-26-2022-11-58-44.592,1, 0.0387838,0.038606,47460, SelfUp,
11-26-2022-11-58-44.289,1, 0.3687002,0.042297,83712, SelfDown,
11-26-2022-11-58-44.390,1, 0.3457577,0.04037,83712, SelfDown,
11-26-2022-11-58-44.693,1, 0.0634385,0.036634,50516, SelfUp,
11-26-2022-11-58-44.794,1, 0.0426,0.03839,51591, SelfUp,
11-26-2022-11-58-44.188,1, 0.6531234,0.041049,83712, SelfDown,
11-26-2022-11-58-44.490,1, 0.3506079,0.041049,83712, SelfDown,
11-26-2022-11-58-44.894,1, 0.0718722,0.039285,53131, SelfUp,
11-26-2022-11-58-44.994,1, 0.0629682,0.041652,53858, SelfUp,
11-26-2022-11-58-44.693,1, 0.4615512,0.044073,83712, SelfDown,
11-26-2022-11-58-44.592,1, 0.5625447,0.044073,83712, SelfDown,
11-26-2022-11-58-45.095,1, 0.0813256,0.041436,55231, SelfUp,
11-26-2022-11-58-44.794,1, 0.432394,0.043361,83712, SelfDown,
11-26-2022-11-58-44.894,1, 0.3809825,0.043175,83712, SelfDown,
11-26-2022-11-58-45.196,1, 0.0908495,0.038343,58806, SelfUp,
11-26-2022-11-58-45.296,1, 0.0678464,0.040369,59650, SelfUp,
11-26-2022-11-58-44.994,1, 0.4656463,0.041448,83712, SelfDown,
11-26-2022-11-58-45.396,1, 0.0753375,0.041138,63149, SelfUp,
11-26-2022-11-58-45.095,1, 0.418412,0.04115,83712, SelfDown,
11-26-2022-11-58-45.497,1, 0.0317402,0.037349,64679, SelfUp,
11-26-2022-11-58-45.597,1, 0.0355419,0.034029,70018, SelfUp,
11-26-2022-11-58-45.698,1, 0.0410622,0.036767,71511, SelfUp,
11-26-2022-11-58-45.296,1, 0.4954539,0.041097,83712, SelfDown,
11-26-2022-11-58-45.396,1, 0.4190732,0.041097,83712, SelfDown,
11-26-2022-11-58-45.798,1, 0.0314976,0.032853,74602, SelfUp,
11-26-2022-11-58-45.898,1, 0.0792819,0.038096,75917, SelfUp,
11-26-2022-11-58-45.597,1, 0.4035085,0.040181,83712, SelfDown,
11-26-2022-11-58-45.999,1, 0.0383845,0.039862,75932, SelfUp,
11-26-2022-11-58-45.497,1, 0.5588887,0.03974,83712, SelfDown,
11-26-2022-11-58-45.798,1, 0.3035846,0.039646,83712, SelfDown,
11-26-2022-11-58-45.698,1, 0.4839413,0.040004,83712, SelfDown,
11-26-2022-11-58-45.196,1, 0.9858459,0.040004,83712, SelfDown,
11-26-2022-11-58-46.100,1, 0.3109679,0.036815,53472, SelfUp,
11-26-2022-11-58-46.202,1, 0.2089078,0.036815,53472, SelfUp,
11-26-2022-11-58-46.303,1, 0.107389,0.036815,53472, SelfUp,
11-26-2022-11-58-45.898,1, 0.524616,0.043178,83712, SelfDown,
11-26-2022-11-58-46.404,1, 0.0351087,0.036577,53579, SelfUp,
11-26-2022-11-58-45.999,1, 0.5071409,0.041402,83712, SelfDown,
11-26-2022-11-58-46.100,1, 0.4847607,0.040127,83712, SelfDown,
11-26-2022-11-58-46.303,1, 0.3696056,0.038566,83712, SelfDown,
11-26-2022-11-58-46.202,1, 0.5587715,0.039676,83712, SelfDown,
11-26-2022-11-58-46.504,1, 0.3200381,0.041031,55848, SelfUp,
11-26-2022-11-58-46.605,1, 0.2508885,0.040447,56040, SelfUp,
11-26-2022-11-58-46.706,1, 0.1499066,0.040447,56040, SelfUp,
11-26-2022-11-58-46.807,1, 0.0487867,0.040447,56040, SelfUp,
11-26-2022-11-58-46.404,1, 0.4771914,0.038571,83712, SelfDown,
11-26-2022-11-58-46.907,1, 0.0440145,0.042361,60843, SelfUp,
11-26-2022-11-58-46.504,1, 0.5380562,0.043311,83712, SelfDown,
11-26-2022-11-58-47.012,1, 0.0379989,0.042704,62555, SelfUp,
11-26-2022-11-58-46.706,1, 0.4108421,0.04291,83712, SelfDown,
11-26-2022-11-58-47.113,1, 0.0641751,0.040377,63399, SelfUp,
11-26-2022-11-58-46.605,1, 0.606473,0.040408,83712, SelfDown,
11-26-2022-11-58-46.807,1, 0.404206,0.040408,83712, SelfDown,
11-26-2022-11-58-47.213,1, 0.0395752,0.039544,68524, SelfUp,
11-26-2022-11-58-47.313,1, 0.0417699,0.037988,71137, SelfUp,
11-26-2022-11-58-47.413,1, 0.0356981,0.038247,72556, SelfUp,
11-26-2022-11-58-46.907,1, 0.5429963,0.041013,83712, SelfDown,
11-26-2022-11-58-47.012,1, 0.4379852,0.041013,83712, SelfDown,
11-26-2022-11-58-47.113,1, 0.3533968,0.041013,83712, SelfDown,
11-26-2022-11-58-47.514,1, 0.0397892,0.035501,76584, SelfUp,
11-26-2022-11-58-47.614,1, 0.0408727,0.03764,76930, SelfUp,
11-26-2022-11-58-47.213,1, 0.4496729,0.040006,83712, SelfDown,
11-26-2022-11-58-47.313,1, 0.3986762,0.041082,83712, SelfDown,
11-26-2022-11-58-47.413,1, 0.5526923,0.039133,59041, SelfDown,
11-26-2022-11-58-47.614,1, 0.3521838,0.039133,59041, SelfDown,
11-26-2022-11-58-47.514,1, 0.4524345,0.039133,59041, SelfDown,
11-26-2022-11-58-47.714,1, 0.267725,0.047472,54848, SelfUp,
11-26-2022-11-58-47.815,1, 0.2392771,0.047472,38738, SelfUp,
11-26-2022-11-58-47.915,1, 0.1390706,0.047472,38738, SelfUp,
11-26-2022-11-58-47.714,1, 0.3553134,0.03983,59493, SelfDown,
11-26-2022-11-58-48.015,1, 0.0761863,0.046225,38739, SelfUp,
11-26-2022-11-58-47.815,1, 0.30186,0.038722,59811, SelfDown,
11-26-2022-11-58-48.115,1, 0.048197,0.042164,27120, SelfUp,
11-26-2022-11-58-47.915,1, 0.2666677,0.037774,60336, SelfDown,
11-26-2022-11-58-48.215,1, 0.0444974,0.041315,18988, SelfUp,
11-26-2022-11-58-48.015,1, 0.2628004,0.037225,61064, SelfDown,
11-26-2022-11-58-48.115,1, 0.2506953,0.036263,61654, SelfDown,
11-26-2022-11-58-48.316,1, 0.0691678,0.033443,19005, SelfUp,
11-26-2022-11-58-48.416,1, 0.085233,0.037692,20695, SelfUp,
11-26-2022-11-58-48.215,1, 0.3517507,0.040027,63150, SelfDown,
11-26-2022-11-58-48.316,1, 0.4891614,0.039172,75113, SelfDown,
11-26-2022-11-58-48.416,1, 0.414663,0.039172,75113, SelfDown,
11-26-2022-11-58-48.517,1, 0.3452632,0.041227,26216, SelfUp,
11-26-2022-11-58-48.517,1, 0.433799,0.039531,78150, SelfDown,
11-26-2022-11-58-48.617,1, 0.5334404,0.041289,80994, SelfDown,
11-26-2022-11-58-48.720,1, 0.430032,0.041289,80994, SelfDown,
11-26-2022-11-58-48.617,1, 0.6123186,0.038924,32325, SelfUp,
11-26-2022-11-58-48.720,1, 0.5096285,0.038924,32325, SelfUp,
11-26-2022-11-58-48.820,1, 0.4095992,0.038924,32325, SelfUp,
11-26-2022-11-58-48.820,1, 0.4708861,0.041193,83009, SelfDown,
11-26-2022-11-58-49.026,1, 0.3143643,0.038532,35336, SelfUp,
11-26-2022-11-58-49.128,1, 0.2129719,0.038532,35336, SelfUp,
11-26-2022-11-58-48.926,1, 0.4142798,0.038532,35336, SelfUp,
11-26-2022-11-58-49.228,1, 0.113255,0.038532,35336, SelfUp,
11-26-2022-11-58-49.328,1, 0.0487274,0.038483,36633, SelfUp,
11-26-2022-11-58-49.026,1, 0.4528387,0.042522,85736, SelfDown,
11-26-2022-11-58-49.429,1, 0.0546682,0.0373,39209, SelfUp,
11-26-2022-11-58-48.926,1, 0.6187352,0.042104,86482, SelfDown,
11-26-2022-11-58-49.531,1, 0.1683027,0.035982,43422, SelfUp,
11-26-2022-11-58-49.632,1, 0.0673954,0.035982,43422, SelfUp,
11-26-2022-11-58-49.228,1, 0.5021947,0.041272,86528, SelfDown,
11-26-2022-11-58-49.328,1, 0.4362155,0.041272,86528, SelfDown,
11-26-2022-11-58-49.733,1, 0.0392873,0.036421,45468, SelfUp,
11-26-2022-11-58-49.128,1, 0.6861231,0.040925,86528, SelfDown,
11-26-2022-11-58-49.531,1, 0.4009736,0.040495,86528, SelfDown,
11-26-2022-11-58-49.833,1, 0.1492214,0.039002,46700, SelfUp,
11-26-2022-11-58-49.933,1, 0.0491402,0.039002,46700, SelfUp,
11-26-2022-11-58-49.632,1, 0.3844875,0.04047,86528, SelfDown,
11-26-2022-11-58-49.429,1, 0.6553238,0.043143,86528, SelfDown,
11-26-2022-11-58-49.733,1, 0.566194,0.045944,86528, SelfDown,
11-26-2022-11-58-49.933,1, 0.3756992,0.045944,86528, SelfDown,
11-26-2022-11-58-49.833,1, 0.4757804,0.045944,86528, SelfDown,
11-26-2022-11-58-50.033,1, 0.3827512,0.043364,86528, SelfDown,
11-26-2022-11-58-50.033,1, 0.410795,0.051716,12510, SelfUp,
11-26-2022-11-58-50.135,1, 0.4011495,0.052453,13900, SelfUp,
11-26-2022-11-58-50.439,1, 0.0971477,0.052453,13900, SelfUp,
11-26-2022-11-58-50.238,1, 0.2981903,0.052453,13900, SelfUp,
11-26-2022-11-58-50.339,1, 0.1971626,0.052453,13900, SelfUp,
11-26-2022-11-58-50.135,1, 0.4197751,0.046506,86528, SelfDown,
11-26-2022-11-58-50.541,1, 0.1795467,0.045582,13905, SelfUp,
11-26-2022-11-58-50.642,1, 0.0780809,0.045582,13905, SelfUp,
11-26-2022-11-58-50.238,1, 0.5322855,0.043871,86528, SelfDown,
11-26-2022-11-58-50.439,1, 0.3541197,0.044171,86528, SelfDown,
11-26-2022-11-58-50.339,1, 0.4541346,0.044171,86528, SelfDown,
11-26-2022-11-58-50.744,1, 0.1317785,0.042149,15732, SelfUp,
11-26-2022-11-58-50.541,1, 0.4187845,0.043939,86528, SelfDown,
11-26-2022-11-58-50.944,1, 0.0512452,0.041512,17947, SelfUp,
11-26-2022-11-58-50.844,1, 0.1513343,0.041512,17947, SelfUp,
11-26-2022-11-58-50.642,1, 0.4349191,0.045919,86528, SelfDown,
11-26-2022-11-58-51.044,1, 0.0830962,0.043768,19595, SelfUp,
11-26-2022-11-58-51.145,1, 0.102368,0.038646,22977, SelfUp,
11-26-2022-11-58-50.844,1, 0.4335379,0.043947,86528, SelfDown,
11-26-2022-11-58-50.944,1, 0.3617699,0.043157,86528, SelfDown,
11-26-2022-11-58-50.744,1, 0.5620303,0.043157,86528, SelfDown,
11-26-2022-11-58-51.245,1, 0.0787429,0.038517,24387, SelfUp,
11-26-2022-11-58-51.044,1, 0.4733035,0.045309,86528, SelfDown,
11-26-2022-11-58-51.346,1, 0.2003829,0.048938,25229, SelfUp,
11-26-2022-11-58-51.145,1, 0.4312306,0.045317,86528, SelfDown,
11-26-2022-11-58-51.451,1, 0.1362104,0.047984,25605, SelfUp,
11-26-2022-11-58-51.551,1, 0.0694312,0.037662,30365, SelfUp,
11-26-2022-11-58-51.651,1, 0.0375736,0.035049,33545, SelfUp,
11-26-2022-11-58-51.346,1, 0.4878491,0.040768,86528, SelfDown,
11-26-2022-11-58-51.854,1, 0.0401994,0.034777,37977, SelfUp,
11-26-2022-11-58-51.752,1, 0.1430152,0.034777,37977, SelfUp,
11-26-2022-11-58-51.451,1, 0.4932972,0.039984,86528, SelfDown,
11-26-2022-11-58-51.245,1, 0.6996038,0.039984,86528, SelfDown,
11-26-2022-11-58-51.651,1, 0.3296502,0.039104,86528, SelfDown,
11-26-2022-11-58-51.551,1, 0.4299229,0.039104,86528, SelfDown,
11-26-2022-11-58-51.956,1, 0.0747504,0.03371,40686, SelfUp,
11-26-2022-11-58-52.059,1, 0.0505447,0.038356,41412, SelfUp,
11-26-2022-11-58-51.752,1, 0.4054649,0.04021,86528, SelfDown,
11-26-2022-11-58-51.854,1, 0.3026491,0.04021,86528, SelfDown,
11-26-2022-11-58-52.158,1, 0.0898819,0.042248,41416, SelfUp,
11-26-2022-11-58-52.258,1, 0.0854823,0.045616,41424, SelfUp,
11-26-2022-11-58-52.059,1, 0.3282931,0.041103,60701, SelfDown,
11-26-2022-11-58-51.956,1, 0.5114881,0.043457,61039, SelfDown,
11-26-2022-11-58-52.360,1, 0.179223,0.055014,29119, SelfUp,
11-26-2022-11-58-52.158,1, 0.4015416,0.046382,61809, SelfDown,
11-26-2022-11-58-52.258,1, 0.3082867,0.046382,61809, SelfDown,
11-26-2022-11-58-52.461,1, 0.1608831,0.053054,20384, SelfUp,
11-26-2022-11-58-52.360,1, 0.4177375,0.045727,43412, SelfDown,
11-26-2022-11-58-52.561,1, 0.4699221,0.038297,43422, SelfDown,
11-26-2022-11-58-52.461,1, 0.5702358,0.038297,43422, SelfDown,
11-26-2022-11-58-52.664,1, 0.3669828,0.038297,43422, SelfDown,
11-26-2022-11-58-52.561,1, 0.5393403,0.038218,14281, SelfUp,
11-26-2022-11-58-52.769,1, 0.34832,0.038435,44900, SelfDown,
11-26-2022-11-58-52.664,1, 0.5628993,0.033607,14289, SelfUp,
11-26-2022-11-58-52.769,1, 0.4587057,0.033607,14289, SelfUp,
11-26-2022-11-58-52.869,1, 0.3586482,0.033607,14289, SelfUp,
11-26-2022-11-58-52.970,1, 0.2570484,0.033607,14289, SelfUp,
11-26-2022-11-58-53.070,1, 0.156928,0.033607,14289, SelfUp,
11-26-2022-11-58-53.171,1, 0.056518,0.033607,14289, SelfUp,
11-26-2022-11-58-52.869,1, 0.3600077,0.037409,47034, SelfDown,
11-26-2022-11-58-52.970,1, 0.4108744,0.036873,48945, SelfDown,
11-26-2022-11-58-53.070,1, 0.4345047,0.034679,54084, SelfDown,
11-26-2022-11-58-53.171,1, 0.3340947,0.034679,54084, SelfDown,
11-26-2022-11-58-53.372,1, 0.4764965,0.041958,56810, SelfDown,
11-26-2022-11-58-53.672,1, 0.2729134,0.039736,59541, SelfDown,
11-26-2022-11-58-53.472,1, 0.5730778,0.043445,59545, SelfDown,
11-26-2022-11-58-53.572,1, 0.4728338,0.043445,59545, SelfDown,
11-26-2022-11-58-53.272,1, 0.7732367,0.043445,59545, SelfDown,
11-26-2022-11-58-53.774,1, 0.2948538,0.043445,59545, SelfDown,
11-26-2022-11-58-53.874,1, 0.3071523,0.046487,59658, SelfDown,
11-26-2022-11-58-53.975,1, 0.2540078,0.046013,60797, SelfDown,
11-26-2022-11-58-53.272,1, 0.978032,0.037172,9742, SelfUp,
11-26-2022-11-58-53.472,1, 0.7778731,0.037172,9742, SelfUp,
11-26-2022-11-58-53.372,1, 0.8779879,0.037172,9742, SelfUp,
11-26-2022-11-58-53.572,1, 0.6776291,0.037172,9742, SelfUp,
11-26-2022-11-58-53.672,1, 0.577536,0.037172,9742, SelfUp,
11-26-2022-11-58-53.774,1, 0.4758212,0.037172,9742, SelfUp,
11-26-2022-11-58-53.975,1, 0.2752756,0.037172,9742, SelfUp,
11-26-2022-11-58-53.874,1, 0.3757849,0.037172,9742, SelfUp,
11-26-2022-11-58-54.075,1, 0.1750791,0.037172,9742, SelfUp,
11-26-2022-11-58-54.175,1, 0.0747732,0.037172,9742, SelfUp,
11-26-2022-11-58-54.175,1, 0.142005,0.046013,42557, SelfDown,
11-26-2022-11-58-54.075,1, 0.3006962,0.046013,42557, SelfDown,
11-26-2022-11-58-54.275,1, 0.1237431,0.038428,13908, SelfUp,
11-26-2022-11-58-54.476,1, 0.0695332,0.037136,13921, SelfUp,
11-26-2022-11-58-54.375,1, 0.1697495,0.037136,13921, SelfUp,
11-26-2022-11-58-54.576,1, 0.1304754,0.039893,13936, SelfUp,
11-26-2022-11-58-54.275,1, 0.4992804,0.042446,4655, SelfDown,
11-26-2022-11-58-54.476,1, 0.2987116,0.042446,4655, SelfDown,
11-26-2022-11-58-54.576,1, 0.198492,0.042446,4655, SelfDown,
11-26-2022-11-58-54.375,1, 0.3989279,0.042446,4655, SelfDown,
11-26-2022-11-58-54.676,1, 0.1431716,0.038122,16144, SelfUp,
11-26-2022-11-58-54.676,1, 0.2358039,0.039578,5429, SelfDown,
11-26-2022-11-58-54.878,1, 0.0753282,0.035474,19431, SelfUp,
11-26-2022-11-58-54.777,1, 0.1760246,0.035474,19431, SelfUp,
11-26-2022-11-58-54.878,1, 0.2281911,0.039293,6446, SelfDown,
11-26-2022-11-58-54.777,1, 0.3288875,0.039293,6446, SelfDown,
11-26-2022-11-58-54.978,1, 0.129281,0.036927,21295, SelfUp,
11-26-2022-11-58-55.079,1, 0.0673637,0.04049,21297, SelfUp,
11-26-2022-11-58-54.978,1, 0.2243563,0.040997,6903, SelfDown,
11-26-2022-11-58-55.179,1, 0.0454409,0.039182,22969, SelfUp,
11-26-2022-11-58-55.079,1, 0.2019112,0.040266,7430, SelfDown,
11-26-2022-11-58-55.179,1, 0.2199227,0.039874,7887, SelfDown,
11-26-2022-11-58-55.280,1, 0.1353829,0.040459,25120, SelfUp,
11-26-2022-11-58-55.380,1, 0.0757606,0.040026,26567, SelfUp,
11-26-2022-11-58-55.480,1, 0.1036537,0.050002,26589, SelfUp,
11-26-2022-11-58-55.280,1, 0.3469766,0.043763,8661, SelfDown,
11-26-2022-11-58-55.380,1, 0.2469519,0.043763,8661, SelfDown,
11-26-2022-11-58-55.580,1, 0.0551849,0.051208,26594, SelfUp,
11-26-2022-11-58-55.480,1, 0.2358581,0.043688,9258, SelfDown,
11-26-2022-11-58-55.681,1, 0.0779863,0.043714,31201, SelfUp,
11-26-2022-11-58-55.580,1, 0.1920093,0.044565,9715, SelfDown,
11-26-2022-11-58-55.781,1, 0.0997814,0.042033,32008, SelfUp,
11-26-2022-11-58-55.681,1, 0.2285283,0.044217,10032, SelfDown,
11-26-2022-11-58-55.881,1, 0.0808743,0.039714,36137, SelfUp,
11-26-2022-11-58-55.781,1, 0.2115781,0.043241,10979, SelfDown,
11-26-2022-11-58-55.981,1, 0.0741567,0.047262,36827, SelfUp,
11-26-2022-11-58-56.082,1, 0.0482397,0.047724,36837, SelfUp,
11-26-2022-11-58-55.881,1, 0.2562741,0.04567,11613, SelfDown,
11-26-2022-11-58-56.182,1, 0.0816833,0.045677,36850, SelfUp,
11-26-2022-11-58-55.981,1, 0.3068004,0.045924,12350, SelfDown,
11-26-2022-11-58-56.082,1, 0.2215925,0.045924,12350, SelfDown,
11-26-2022-11-58-56.282,1, 0.0409062,0.039815,42556, SelfUp,
11-26-2022-11-58-56.182,1, 0.2537336,0.046046,12914, SelfDown,
11-26-2022-11-58-56.383,1, 0.0707668,0.049171,44214, SelfUp,
11-26-2022-11-58-56.282,1, 0.1838638,0.046281,13194, SelfDown,
11-26-2022-11-58-56.514,1, 0.0741649,0.047457,44218, SelfUp,
11-26-2022-11-58-56.614,1, 0.0796196,0.041718,46520, SelfUp,
11-26-2022-11-58-56.383,1, 0.3224744,0.04595,13828, SelfDown,
11-26-2022-11-58-56.715,1, 0.088794,0.03777,54242, SelfUp,
11-26-2022-11-58-56.514,1, 0.2974028,0.044553,14705, SelfDown,
11-26-2022-11-58-56.816,1, 0.033017,0.038158,54374, SelfUp,
11-26-2022-11-58-56.916,1, 0.0335089,0.04063,54394, SelfUp,
11-26-2022-11-58-56.614,1, 0.3510062,0.043744,15199, SelfDown,
11-26-2022-11-58-56.715,1, 0.2857287,0.043744,15199, SelfDown,
11-26-2022-11-58-57.017,1, 0.0342447,0.038443,60691, SelfUp,
11-26-2022-11-58-56.816,1, 0.2451738,0.041078,15866, SelfDown,
11-26-2022-11-58-56.916,1, 0.1588687,0.041078,15866, SelfDown,
11-26-2022-11-58-57.017,1, 0.2529128,0.042888,13900, SelfDown,
11-26-2022-11-58-57.117,1, 0.4144371,0.047947,60714, SelfUp,
11-26-2022-11-58-57.217,1, 0.3141236,0.047947,60714, SelfUp,
11-26-2022-11-58-57.217,1, 0.3237858,0.041269,13907, SelfDown,
11-26-2022-11-58-57.323,1, 0.2182512,0.041269,13907, SelfDown,
11-26-2022-11-58-57.117,1, 0.4240993,0.041269,13907, SelfDown,
11-26-2022-11-58-57.323,1, 0.2427505,0.045607,60715, SelfUp,
11-26-2022-11-58-57.423,1, 0.1424858,0.045607,60715, SelfUp,
11-26-2022-11-58-57.524,1, 0.0410921,0.045607,60715, SelfUp,
11-26-2022-11-58-57.423,1, 0.2338073,0.040864,15825, SelfDown,
11-26-2022-11-58-57.624,1, 0.0712441,0.03824,69528, SelfUp,
11-26-2022-11-58-57.731,1, 0.0338523,0.035968,73598, SelfUp,
11-26-2022-11-58-57.524,1, 0.2490653,0.03943,18439, SelfDown,
11-26-2022-11-58-57.836,1, 0.0661009,0.034677,79583, SelfUp,
11-26-2022-11-58-57.624,1, 0.3057215,0.037108,20590, SelfDown,
11-26-2022-11-58-57.731,1, 0.1996506,0.037108,20590, SelfDown,
11-26-2022-11-58-57.836,1, 0.2984217,0.036549,24995, SelfDown,
11-26-2022-11-58-58.037,1, 0.1599654,0.033896,28455, SelfDown,
11-26-2022-11-58-57.937,1, 0.2600977,0.034599,85901, SelfUp,
11-26-2022-11-58-58.037,1, 0.1599654,0.034599,85901, SelfUp,
11-26-2022-11-58-58.138,1, 0.059137,0.034599,85901, SelfUp,
11-26-2022-11-58-57.937,1, 0.2795612,0.033095,29196, SelfDown,
11-26-2022-11-58-58.138,1, 0.2260888,0.03602,31046, SelfDown,
11-26-2022-11-58-58.338,1, 0.0510235,0.047531,87258, SelfUp,
11-26-2022-11-58-58.238,1, 0.1510518,0.047531,87258, SelfUp,
11-26-2022-11-58-58.438,1, 0.0464386,0.045031,87269, SelfUp,
11-26-2022-11-58-58.238,1, 0.2693651,0.03901,31205, SelfDown,
11-26-2022-11-58-58.540,1, 0.0315249,0.03291,96973, SelfUp,
11-26-2022-11-58-58.338,1, 0.2619746,0.037968,33386, SelfDown,
11-26-2022-11-58-58.438,1, 0.1986722,0.036201,35877, SelfDown,
11-26-2022-11-58-58.640,1, 0.0639169,0.033133,100892, SelfUp,
11-26-2022-11-58-58.741,1, 0.0325511,0.035871,100904, SelfUp,
11-26-2022-11-58-58.540,1, 0.2418265,0.035955,38657, SelfDown,
11-26-2022-11-58-58.640,1, 0.2244975,0.034647,41997, SelfDown,
11-26-2022-11-58-58.841,1, 0.0426449,0.038741,105747, SelfUp,
11-26-2022-11-58-58.941,1, 0.0522615,0.047615,105760, SelfUp,
11-26-2022-11-58-58.741,1, 0.3295324,0.035273,45620, SelfDown,
11-26-2022-11-58-59.041,1, 0.0379114,0.036519,105776, SelfUp,
11-26-2022-11-58-58.941,1, 0.2260598,0.036965,45624, SelfDown,
11-26-2022-11-58-58.841,1, 0.3263103,0.036965,45624, SelfDown,
11-26-2022-11-58-59.143,1, 0.037216,0.040103,105795, SelfUp,
11-26-2022-11-58-59.243,1, 0.0440554,0.050046,105819, SelfUp,
11-26-2022-11-58-59.041,1, 0.2742461,0.040281,45628, SelfDown,
11-26-2022-11-58-59.143,1, 0.2225509,0.038661,47774, SelfDown,
11-26-2022-11-58-59.343,1, 0.0733785,0.042757,74093, SelfUp,
11-26-2022-11-58-59.243,1, 0.189433,0.039466,48188, SelfDown,
11-26-2022-11-58-59.444,1, 0.0544968,0.054397,76001, SelfUp,
11-26-2022-11-58-59.343,1, 0.2404029,0.039466,48188, SelfDown,
11-26-2022-11-58-59.545,1, 0.0961152,0.050491,77704, SelfUp,
11-26-2022-11-58-59.646,1, 0.0355864,0.039792,78920, SelfUp,
11-26-2022-11-58-59.746,1, 0.0344238,0.038339,81878, SelfUp,
11-26-2022-11-58-59.646,1, 0.2242613,0.036676,35024, SelfDown,
11-26-2022-11-58-59.545,1, 0.3253587,0.036676,35024, SelfDown,
11-26-2022-11-58-59.444,1, 0.4340389,0.036676,35024, SelfDown,
11-26-2022-11-58-59.848,1, 0.0391916,0.033624,84054, SelfUp,
11-26-2022-11-58-59.948,1, 0.0410301,0.03822,86308, SelfUp,
11-26-2022-11-58-59.746,1, 0.3116562,0.041373,36029, SelfDown,
11-26-2022-11-59-00.049,1, 0.0481886,0.044195,87215, SelfUp,
11-26-2022-11-58-59.848,1, 0.3123245,0.04343,36573, SelfDown,
11-26-2022-11-58-59.948,1, 0.2472175,0.043744,42286, SelfDown,
11-26-2022-11-59-00.049,1, 0.3589999,0.04382,45479, SelfDown,
11-26-2022-11-59-00.149,1, 0.2588526,0.04382,45479, SelfDown,
11-26-2022-11-59-00.149,1, 0.342678,0.046867,61539, SelfUp,
11-26-2022-11-59-00.452,1, 0.0398082,0.046867,61539, SelfUp,
11-26-2022-11-59-00.351,1, 0.1410773,0.046867,61539, SelfUp,
11-26-2022-11-59-00.249,1, 0.2485364,0.044586,61546, SelfUp,
11-26-2022-11-59-00.249,1, 0.2564262,0.043474,47233, SelfDown,
11-26-2022-11-59-00.351,1, 0.2825674,0.04293,49054, SelfDown,
11-26-2022-11-59-00.452,1, 0.2798292,0.04181,51523, SelfDown,
11-26-2022-11-59-00.553,1, 0.2576056,0.040157,53333, SelfDown,
